[    1245ms] [ERROR] Failed to load resource: the server responded with a status of 500 (Internal Server Error) @ http://localhost:3002/:0
[    1979ms] [INFO] %cDownload the React DevTools for a better development experience: https://react.dev/link/react-devtools font-weight:bold @ webpack-internal:///(pages-dir-browser)/../node_modules/.pnpm/react-dom@19.2.4_react@19.2.4/node_modules/react-dom/cjs/react-dom-client.development.js:28004
[    2175ms] Error: Missing environment variable: NEXT_PUBLIC_SANITY_DATASET
    at assertValue (webpack-internal:///(rsc)/./sanity/lib/env.ts:15:15)
    at eval (webpack-internal:///(rsc)/./sanity/lib/env.ts:9:17)
    at <unknown> (rsc)/./sanity/lib/env.ts (D:\New folder\Sanity-clean\frontend\.next\dev\server\app\(main)\page.js:749:1)
    at __webpack_require__ (file://D:\New folder\Sanity-clean\frontend\.next\dev\server\webpack-runtime.js:25:43)
    at eval (webpack-internal:///(rsc)/./sanity/lib/image.ts:6:62)
    at <unknown> (rsc)/./sanity/lib/image.ts (D:\New folder\Sanity-clean\frontend\.next\dev\server\app\(main)\page.js:771:1)
    at __webpack_require__ (file://D:\New folder\Sanity-clean\frontend\.next\dev\server\webpack-runtime.js:25:43)
    at eval (webpack-internal:///(rsc)/./sanity/lib/metadata.ts:9:75)
    at <unknown> (rsc)/./sanity/lib/metadata.ts (D:\New folder\Sanity-clean\frontend\.next\dev\server\app\(main)\page.js:782:1)
    at __webpack_require__ (file://D:\New folder\Sanity-clean\frontend\.next\dev\server\webpack-runtime.js:25:43)
    at eval (webpack-internal:///(rsc)/./app/layout.tsx:15:78)
    at <unknown> (rsc)/./app/layout.tsx (D:\New folder\Sanity-clean\frontend\.next\dev\server\app\(main)\page.js:221:1)
    at Function.__webpack_require__ (file://D:\New folder\Sanity-clean\frontend\.next\dev\server\webpack-runtime.js:25:43)
    at async getLayoutOrPageModule (file://D:\New folder\Sanity-clean\node_modules\.pnpm\next@16.1.7_@babel+core@7.2_afab9f0d18188aa4f323eb1cb6961aff\node_modules\next\dist\compiled\next-server\app-page.runtime.dev.js:37:6473)
    at async createComponentTreeInternal (file://D:\New folder\Sanity-clean\node_modules\.pnpm\next@16.1.7_@babel+core@7.2_afab9f0d18188aa4f323eb1cb6961aff\node_modules\next\dist\compiled\next-server\app-page.runtime.dev.js:37:27286)
    at async getRSCPayload (file://D:\New folder\Sanity-clean\node_modules\.pnpm\next@16.1.7_@babel+core@7.2_afab9f0d18188aa4f323eb1cb6961aff\node_modules\next\dist\compiled\next-server\app-page.runtime.dev.js:41:30049)
    at async (file://D:\New folder\Sanity-clean\node_modules\.pnpm\next@16.1.7_@babel+core@7.2_afab9f0d18188aa4f323eb1cb6961aff\node_modules\next\dist\compiled\next-server\app-page.runtime.dev.js:41:58262)
    at async renderToHTMLOrFlightImpl (file://D:\New folder\Sanity-clean\node_modules\.pnpm\next@16.1.7_@babel+core@7.2_afab9f0d18188aa4f323eb1cb6961aff\node_modules\next\dist\compiled\next-server\app-page.runtime.dev.js:41:43432)
    at async doRender (webpack-internal:///(rsc)/../node_modules/.pnpm/next@16.1.7_@babel+core@7.2_afab9f0d18188aa4f323eb1cb6961aff/node_modules/next/dist/build/webpack/loaders/next-app-loader/index.js?name=app%2F(main)%2Fpage&page=%2F(main)%2Fpage&appPaths=%2F(main)%2Fpage&pagePath=private-next-app-dir%2F(main)%2Fpage.tsx&appDir=D%3A%5CNew%20folder%5CSanity-clean%5Cfrontend%5Capp&pageExtensions=tsx&pageExtensions=ts&pageExtensions=jsx&pageExtensions=js&rootDir=D%3A%5CNew%20folder%5CSanity-clean%5Cfrontend&isDev=true&tsconfigPath=&basePath=&assetPrefix=&nextConfigOutput=&preferredRegion=&middlewareConfig=e30%3D&isGlobalNotFoundEnabled=!:477:28)
    at async AppPageRouteModule.handleResponse (file://D:\New folder\Sanity-clean\node_modules\.pnpm\next@16.1.7_@babel+core@7.2_afab9f0d18188aa4f323eb1cb6961aff\node_modules\next\dist\compiled\next-server\app-page.runtime.dev.js:43:64166)
    at async handleResponse (webpack-internal:///(rsc)/../node_modules/.pnpm/next@16.1.7_@babel+core@7.2_afab9f0d18188aa4f323eb1cb6961aff/node_modules/next/dist/build/webpack/loaders/next-app-loader/index.js?name=app%2F(main)%2Fpage&page=%2F(main)%2Fpage&appPaths=%2F(main)%2Fpage&pagePath=private-next-app-dir%2F(main)%2Fpage.tsx&appDir=D%3A%5CNew%20folder%5CSanity-clean%5Cfrontend%5Capp&pageExtensions=tsx&pageExtensions=ts&pageExtensions=jsx&pageExtensions=js&rootDir=D%3A%5CNew%20folder%5CSanity-clean%5Cfrontend&isDev=true&tsconfigPath=&basePath=&assetPrefix=&nextConfigOutput=&preferredRegion=&middlewareConfig=e30%3D&isGlobalNotFoundEnabled=!:691:32)
    at async Module.handler (webpack-internal:///(rsc)/../node_modules/.pnpm/next@16.1.7_@babel+core@7.2_afab9f0d18188aa4f323eb1cb6961aff/node_modules/next/dist/build/webpack/loaders/next-app-loader/index.js?name=app%2F(main)%2Fpage&page=%2F(main)%2Fpage&appPaths=%2F(main)%2Fpage&pagePath=private-next-app-dir%2F(main)%2Fpage.tsx&appDir=D%3A%5CNew%20folder%5CSanity-clean%5Cfrontend%5Capp&pageExtensions=tsx&pageExtensions=ts&pageExtensions=jsx&pageExtensions=js&rootDir=D%3A%5CNew%20folder%5CSanity-clean%5Cfrontend&isDev=true&tsconfigPath=&basePath=&assetPrefix=&nextConfigOutput=&preferredRegion=&middlewareConfig=e30%3D&isGlobalNotFoundEnabled=!:1060:20)
    at async DevServer.renderToResponseWithComponentsImpl (file://D:\New folder\Sanity-clean\node_modules\.pnpm\next@16.1.7_@babel+core@7.2_afab9f0d18188aa4f323eb1cb6961aff\node_modules\next\dist\server\base-server.js:1428:9)
    at async DevServer.renderPageComponent (file://D:\New folder\Sanity-clean\node_modules\.pnpm\next@16.1.7_@babel+core@7.2_afab9f0d18188aa4f323eb1cb6961aff\node_modules\next\dist\server\base-server.js:1480:24)
    at async DevServer.renderToResponseImpl (file://D:\New folder\Sanity-clean\node_modules\.pnpm\next@16.1.7_@babel+core@7.2_afab9f0d18188aa4f323eb1cb6961aff\node_modules\next\dist\server\base-server.js:1530:32)
    at async DevServer.pipeImpl (file://D:\New folder\Sanity-clean\node_modules\.pnpm\next@16.1.7_@babel+core@7.2_afab9f0d18188aa4f323eb1cb6961aff\node_modules\next\dist\server\base-server.js:1024:25)
    at async NextNodeServer.handleCatchallRenderRequest (file://D:\New folder\Sanity-clean\node_modules\.pnpm\next@16.1.7_@babel+core@7.2_afab9f0d18188aa4f323eb1cb6961aff\node_modules\next\dist\server\next-server.js:395:17)
    at async DevServer.handleRequestImpl (file://D:\New folder\Sanity-clean\node_modules\.pnpm\next@16.1.7_@babel+core@7.2_afab9f0d18188aa4f323eb1cb6961aff\node_modules\next\dist\server\base-server.js:915:17)
    at async (file://D:\New folder\Sanity-clean\node_modules\.pnpm\next@16.1.7_@babel+core@7.2_afab9f0d18188aa4f323eb1cb6961aff\node_modules\next\dist\server\dev\next-dev-server.js:387:20)
    at async Span.traceAsyncFn (file://D:\New folder\Sanity-clean\node_modules\.pnpm\next@16.1.7_@babel+core@7.2_afab9f0d18188aa4f323eb1cb6961aff\node_modules\next\dist\trace\trace.js:157:20)
    at async DevServer.handleRequest (file://D:\New folder\Sanity-clean\node_modules\.pnpm\next@16.1.7_@babel+core@7.2_afab9f0d18188aa4f323eb1cb6961aff\node_modules\next\dist\server\dev\next-dev-server.js:383:24)
    at async invokeRender (file://D:\New folder\Sanity-clean\node_modules\.pnpm\next@16.1.7_@babel+core@7.2_afab9f0d18188aa4f323eb1cb6961aff\node_modules\next\dist\server\lib\router-server.js:248:21)
    at async handleRequest (file://D:\New folder\Sanity-clean\node_modules\.pnpm\next@16.1.7_@babel+core@7.2_afab9f0d18188aa4f323eb1cb6961aff\node_modules\next\dist\server\lib\router-server.js:447:24)
    at async requestHandlerImpl (file://D:\New folder\Sanity-clean\node_modules\.pnpm\next@16.1.7_@babel+core@7.2_afab9f0d18188aa4f323eb1cb6961aff\node_modules\next\dist\server\lib\router-server.js:496:13)
    at async Server.requestListener (file://D:\New folder\Sanity-clean\node_modules\.pnpm\next@16.1.7_@babel+core@7.2_afab9f0d18188aa4f323eb1cb6961aff\node_modules\next\dist\server\lib\start-server.js:226:13)
[    2172ms] [LOG] [HMR] connected @ webpack-internal:///(pages-dir-browser)/../node_modules/.pnpm/next@16.1.7_@babel+core@7.2_afab9f0d18188aa4f323eb1cb6961aff/node_modules/next/dist/next-devtools/shared/forward-logs-shared.js:27
[   76893ms] [ERROR] Failed to load resource: the server responded with a status of 500 (Internal Server Error) @ http://localhost:3002/:0
[   77169ms] [INFO] %cDownload the React DevTools for a better development experience: https://react.dev/link/react-devtools font-weight:bold @ webpack-internal:///(pages-dir-browser)/../node_modules/.pnpm/react-dom@19.2.4_react@19.2.4/node_modules/react-dom/cjs/react-dom-client.development.js:28004
[   77190ms] Error: Missing environment variable: NEXT_PUBLIC_SANITY_DATASET
    at assertValue (webpack-internal:///(rsc)/./sanity/lib/env.ts:15:15)
    at eval (webpack-internal:///(rsc)/./sanity/lib/env.ts:9:17)
    at <unknown> (rsc)/./sanity/lib/env.ts (D:\New folder\Sanity-clean\frontend\.next\dev\server\app\(main)\page.js:749:1)
    at __webpack_require__ (file://D:\New folder\Sanity-clean\frontend\.next\dev\server\webpack-runtime.js:25:43)
    at eval (webpack-internal:///(rsc)/./sanity/lib/image.ts:6:62)
    at <unknown> (rsc)/./sanity/lib/image.ts (D:\New folder\Sanity-clean\frontend\.next\dev\server\app\(main)\page.js:771:1)
    at __webpack_require__ (file://D:\New folder\Sanity-clean\frontend\.next\dev\server\webpack-runtime.js:25:43)
    at eval (webpack-internal:///(rsc)/./sanity/lib/metadata.ts:9:75)
    at <unknown> (rsc)/./sanity/lib/metadata.ts (D:\New folder\Sanity-clean\frontend\.next\dev\server\app\(main)\page.js:782:1)
    at __webpack_require__ (file://D:\New folder\Sanity-clean\frontend\.next\dev\server\webpack-runtime.js:25:43)
    at eval (webpack-internal:///(rsc)/./app/layout.tsx:15:78)
    at <unknown> (rsc)/./app/layout.tsx (D:\New folder\Sanity-clean\frontend\.next\dev\server\app\(main)\page.js:221:1)
    at Function.__webpack_require__ (file://D:\New folder\Sanity-clean\frontend\.next\dev\server\webpack-runtime.js:25:43)
    at async getLayoutOrPageModule (file://D:\New folder\Sanity-clean\node_modules\.pnpm\next@16.1.7_@babel+core@7.2_afab9f0d18188aa4f323eb1cb6961aff\node_modules\next\dist\compiled\next-server\app-page.runtime.dev.js:37:6473)
    at async createComponentTreeInternal (file://D:\New folder\Sanity-clean\node_modules\.pnpm\next@16.1.7_@babel+core@7.2_afab9f0d18188aa4f323eb1cb6961aff\node_modules\next\dist\compiled\next-server\app-page.runtime.dev.js:37:27286)
    at async getRSCPayload (file://D:\New folder\Sanity-clean\node_modules\.pnpm\next@16.1.7_@babel+core@7.2_afab9f0d18188aa4f323eb1cb6961aff\node_modules\next\dist\compiled\next-server\app-page.runtime.dev.js:41:30049)
    at async (file://D:\New folder\Sanity-clean\node_modules\.pnpm\next@16.1.7_@babel+core@7.2_afab9f0d18188aa4f323eb1cb6961aff\node_modules\next\dist\compiled\next-server\app-page.runtime.dev.js:41:58262)
    at async renderToHTMLOrFlightImpl (file://D:\New folder\Sanity-clean\node_modules\.pnpm\next@16.1.7_@babel+core@7.2_afab9f0d18188aa4f323eb1cb6961aff\node_modules\next\dist\compiled\next-server\app-page.runtime.dev.js:41:43432)
    at async doRender (webpack-internal:///(rsc)/../node_modules/.pnpm/next@16.1.7_@babel+core@7.2_afab9f0d18188aa4f323eb1cb6961aff/node_modules/next/dist/build/webpack/loaders/next-app-loader/index.js?name=app%2F(main)%2Fpage&page=%2F(main)%2Fpage&appPaths=%2F(main)%2Fpage&pagePath=private-next-app-dir%2F(main)%2Fpage.tsx&appDir=D%3A%5CNew%20folder%5CSanity-clean%5Cfrontend%5Capp&pageExtensions=tsx&pageExtensions=ts&pageExtensions=jsx&pageExtensions=js&rootDir=D%3A%5CNew%20folder%5CSanity-clean%5Cfrontend&isDev=true&tsconfigPath=&basePath=&assetPrefix=&nextConfigOutput=&preferredRegion=&middlewareConfig=e30%3D&isGlobalNotFoundEnabled=!:477:28)
    at async AppPageRouteModule.handleResponse (file://D:\New folder\Sanity-clean\node_modules\.pnpm\next@16.1.7_@babel+core@7.2_afab9f0d18188aa4f323eb1cb6961aff\node_modules\next\dist\compiled\next-server\app-page.runtime.dev.js:43:64166)
    at async handleResponse (webpack-internal:///(rsc)/../node_modules/.pnpm/next@16.1.7_@babel+core@7.2_afab9f0d18188aa4f323eb1cb6961aff/node_modules/next/dist/build/webpack/loaders/next-app-loader/index.js?name=app%2F(main)%2Fpage&page=%2F(main)%2Fpage&appPaths=%2F(main)%2Fpage&pagePath=private-next-app-dir%2F(main)%2Fpage.tsx&appDir=D%3A%5CNew%20folder%5CSanity-clean%5Cfrontend%5Capp&pageExtensions=tsx&pageExtensions=ts&pageExtensions=jsx&pageExtensions=js&rootDir=D%3A%5CNew%20folder%5CSanity-clean%5Cfrontend&isDev=true&tsconfigPath=&basePath=&assetPrefix=&nextConfigOutput=&preferredRegion=&middlewareConfig=e30%3D&isGlobalNotFoundEnabled=!:691:32)
    at async Module.handler (webpack-internal:///(rsc)/../node_modules/.pnpm/next@16.1.7_@babel+core@7.2_afab9f0d18188aa4f323eb1cb6961aff/node_modules/next/dist/build/webpack/loaders/next-app-loader/index.js?name=app%2F(main)%2Fpage&page=%2F(main)%2Fpage&appPaths=%2F(main)%2Fpage&pagePath=private-next-app-dir%2F(main)%2Fpage.tsx&appDir=D%3A%5CNew%20folder%5CSanity-clean%5Cfrontend%5Capp&pageExtensions=tsx&pageExtensions=ts&pageExtensions=jsx&pageExtensions=js&rootDir=D%3A%5CNew%20folder%5CSanity-clean%5Cfrontend&isDev=true&tsconfigPath=&basePath=&assetPrefix=&nextConfigOutput=&preferredRegion=&middlewareConfig=e30%3D&isGlobalNotFoundEnabled=!:1060:20)
    at async DevServer.renderToResponseWithComponentsImpl (file://D:\New folder\Sanity-clean\node_modules\.pnpm\next@16.1.7_@babel+core@7.2_afab9f0d18188aa4f323eb1cb6961aff\node_modules\next\dist\server\base-server.js:1428:9)
    at async DevServer.renderPageComponent (file://D:\New folder\Sanity-clean\node_modules\.pnpm\next@16.1.7_@babel+core@7.2_afab9f0d18188aa4f323eb1cb6961aff\node_modules\next\dist\server\base-server.js:1480:24)
    at async DevServer.renderToResponseImpl (file://D:\New folder\Sanity-clean\node_modules\.pnpm\next@16.1.7_@babel+core@7.2_afab9f0d18188aa4f323eb1cb6961aff\node_modules\next\dist\server\base-server.js:1530:32)
    at async DevServer.pipeImpl (file://D:\New folder\Sanity-clean\node_modules\.pnpm\next@16.1.7_@babel+core@7.2_afab9f0d18188aa4f323eb1cb6961aff\node_modules\next\dist\server\base-server.js:1024:25)
    at async NextNodeServer.handleCatchallRenderRequest (file://D:\New folder\Sanity-clean\node_modules\.pnpm\next@16.1.7_@babel+core@7.2_afab9f0d18188aa4f323eb1cb6961aff\node_modules\next\dist\server\next-server.js:395:17)
    at async DevServer.handleRequestImpl (file://D:\New folder\Sanity-clean\node_modules\.pnpm\next@16.1.7_@babel+core@7.2_afab9f0d18188aa4f323eb1cb6961aff\node_modules\next\dist\server\base-server.js:915:17)
    at async (file://D:\New folder\Sanity-clean\node_modules\.pnpm\next@16.1.7_@babel+core@7.2_afab9f0d18188aa4f323eb1cb6961aff\node_modules\next\dist\server\dev\next-dev-server.js:387:20)
    at async Span.traceAsyncFn (file://D:\New folder\Sanity-clean\node_modules\.pnpm\next@16.1.7_@babel+core@7.2_afab9f0d18188aa4f323eb1cb6961aff\node_modules\next\dist\trace\trace.js:157:20)
    at async DevServer.handleRequest (file://D:\New folder\Sanity-clean\node_modules\.pnpm\next@16.1.7_@babel+core@7.2_afab9f0d18188aa4f323eb1cb6961aff\node_modules\next\dist\server\dev\next-dev-server.js:383:24)
    at async invokeRender (file://D:\New folder\Sanity-clean\node_modules\.pnpm\next@16.1.7_@babel+core@7.2_afab9f0d18188aa4f323eb1cb6961aff\node_modules\next\dist\server\lib\router-server.js:248:21)
    at async handleRequest (file://D:\New folder\Sanity-clean\node_modules\.pnpm\next@16.1.7_@babel+core@7.2_afab9f0d18188aa4f323eb1cb6961aff\node_modules\next\dist\server\lib\router-server.js:447:24)
    at async requestHandlerImpl (file://D:\New folder\Sanity-clean\node_modules\.pnpm\next@16.1.7_@babel+core@7.2_afab9f0d18188aa4f323eb1cb6961aff\node_modules\next\dist\server\lib\router-server.js:496:13)
    at async Server.requestListener (file://D:\New folder\Sanity-clean\node_modules\.pnpm\next@16.1.7_@babel+core@7.2_afab9f0d18188aa4f323eb1cb6961aff\node_modules\next\dist\server\lib\start-server.js:226:13)
[   77191ms] [LOG] [HMR] connected @ webpack-internal:///(pages-dir-browser)/../node_modules/.pnpm/next@16.1.7_@babel+core@7.2_afab9f0d18188aa4f323eb1cb6961aff/node_modules/next/dist/next-devtools/shared/forward-logs-shared.js:27
[   88630ms] [ERROR] Failed to load resource: the server responded with a status of 500 (Internal Server Error) @ http://localhost:3002/:0
[   88900ms] [INFO] %cDownload the React DevTools for a better development experience: https://react.dev/link/react-devtools font-weight:bold @ webpack-internal:///(pages-dir-browser)/../node_modules/.pnpm/react-dom@19.2.4_react@19.2.4/node_modules/react-dom/cjs/react-dom-client.development.js:28004
[   88919ms] Error: Missing environment variable: NEXT_PUBLIC_SANITY_DATASET
    at assertValue (webpack-internal:///(rsc)/./sanity/lib/env.ts:15:15)
    at eval (webpack-internal:///(rsc)/./sanity/lib/env.ts:9:17)
    at <unknown> (rsc)/./sanity/lib/env.ts (D:\New folder\Sanity-clean\frontend\.next\dev\server\app\(main)\page.js:749:1)
    at __webpack_require__ (file://D:\New folder\Sanity-clean\frontend\.next\dev\server\webpack-runtime.js:25:43)
    at eval (webpack-internal:///(rsc)/./sanity/lib/image.ts:6:62)
    at <unknown> (rsc)/./sanity/lib/image.ts (D:\New folder\Sanity-clean\frontend\.next\dev\server\app\(main)\page.js:771:1)
    at __webpack_require__ (file://D:\New folder\Sanity-clean\frontend\.next\dev\server\webpack-runtime.js:25:43)
    at eval (webpack-internal:///(rsc)/./sanity/lib/metadata.ts:9:75)
    at <unknown> (rsc)/./sanity/lib/metadata.ts (D:\New folder\Sanity-clean\frontend\.next\dev\server\app\(main)\page.js:782:1)
    at __webpack_require__ (file://D:\New folder\Sanity-clean\frontend\.next\dev\server\webpack-runtime.js:25:43)
    at eval (webpack-internal:///(rsc)/./app/layout.tsx:15:78)
    at <unknown> (rsc)/./app/layout.tsx (D:\New folder\Sanity-clean\frontend\.next\dev\server\app\(main)\page.js:221:1)
    at Function.__webpack_require__ (file://D:\New folder\Sanity-clean\frontend\.next\dev\server\webpack-runtime.js:25:43)
    at async getLayoutOrPageModule (file://D:\New folder\Sanity-clean\node_modules\.pnpm\next@16.1.7_@babel+core@7.2_afab9f0d18188aa4f323eb1cb6961aff\node_modules\next\dist\compiled\next-server\app-page.runtime.dev.js:37:6473)
    at async createComponentTreeInternal (file://D:\New folder\Sanity-clean\node_modules\.pnpm\next@16.1.7_@babel+core@7.2_afab9f0d18188aa4f323eb1cb6961aff\node_modules\next\dist\compiled\next-server\app-page.runtime.dev.js:37:27286)
    at async getRSCPayload (file://D:\New folder\Sanity-clean\node_modules\.pnpm\next@16.1.7_@babel+core@7.2_afab9f0d18188aa4f323eb1cb6961aff\node_modules\next\dist\compiled\next-server\app-page.runtime.dev.js:41:30049)
    at async (file://D:\New folder\Sanity-clean\node_modules\.pnpm\next@16.1.7_@babel+core@7.2_afab9f0d18188aa4f323eb1cb6961aff\node_modules\next\dist\compiled\next-server\app-page.runtime.dev.js:41:58262)
    at async renderToHTMLOrFlightImpl (file://D:\New folder\Sanity-clean\node_modules\.pnpm\next@16.1.7_@babel+core@7.2_afab9f0d18188aa4f323eb1cb6961aff\node_modules\next\dist\compiled\next-server\app-page.runtime.dev.js:41:43432)
    at async doRender (webpack-internal:///(rsc)/../node_modules/.pnpm/next@16.1.7_@babel+core@7.2_afab9f0d18188aa4f323eb1cb6961aff/node_modules/next/dist/build/webpack/loaders/next-app-loader/index.js?name=app%2F(main)%2Fpage&page=%2F(main)%2Fpage&appPaths=%2F(main)%2Fpage&pagePath=private-next-app-dir%2F(main)%2Fpage.tsx&appDir=D%3A%5CNew%20folder%5CSanity-clean%5Cfrontend%5Capp&pageExtensions=tsx&pageExtensions=ts&pageExtensions=jsx&pageExtensions=js&rootDir=D%3A%5CNew%20folder%5CSanity-clean%5Cfrontend&isDev=true&tsconfigPath=&basePath=&assetPrefix=&nextConfigOutput=&preferredRegion=&middlewareConfig=e30%3D&isGlobalNotFoundEnabled=!:477:28)
    at async AppPageRouteModule.handleResponse (file://D:\New folder\Sanity-clean\node_modules\.pnpm\next@16.1.7_@babel+core@7.2_afab9f0d18188aa4f323eb1cb6961aff\node_modules\next\dist\compiled\next-server\app-page.runtime.dev.js:43:64166)
    at async handleResponse (webpack-internal:///(rsc)/../node_modules/.pnpm/next@16.1.7_@babel+core@7.2_afab9f0d18188aa4f323eb1cb6961aff/node_modules/next/dist/build/webpack/loaders/next-app-loader/index.js?name=app%2F(main)%2Fpage&page=%2F(main)%2Fpage&appPaths=%2F(main)%2Fpage&pagePath=private-next-app-dir%2F(main)%2Fpage.tsx&appDir=D%3A%5CNew%20folder%5CSanity-clean%5Cfrontend%5Capp&pageExtensions=tsx&pageExtensions=ts&pageExtensions=jsx&pageExtensions=js&rootDir=D%3A%5CNew%20folder%5CSanity-clean%5Cfrontend&isDev=true&tsconfigPath=&basePath=&assetPrefix=&nextConfigOutput=&preferredRegion=&middlewareConfig=e30%3D&isGlobalNotFoundEnabled=!:691:32)
    at async Module.handler (webpack-internal:///(rsc)/../node_modules/.pnpm/next@16.1.7_@babel+core@7.2_afab9f0d18188aa4f323eb1cb6961aff/node_modules/next/dist/build/webpack/loaders/next-app-loader/index.js?name=app%2F(main)%2Fpage&page=%2F(main)%2Fpage&appPaths=%2F(main)%2Fpage&pagePath=private-next-app-dir%2F(main)%2Fpage.tsx&appDir=D%3A%5CNew%20folder%5CSanity-clean%5Cfrontend%5Capp&pageExtensions=tsx&pageExtensions=ts&pageExtensions=jsx&pageExtensions=js&rootDir=D%3A%5CNew%20folder%5CSanity-clean%5Cfrontend&isDev=true&tsconfigPath=&basePath=&assetPrefix=&nextConfigOutput=&preferredRegion=&middlewareConfig=e30%3D&isGlobalNotFoundEnabled=!:1060:20)
    at async DevServer.renderToResponseWithComponentsImpl (file://D:\New folder\Sanity-clean\node_modules\.pnpm\next@16.1.7_@babel+core@7.2_afab9f0d18188aa4f323eb1cb6961aff\node_modules\next\dist\server\base-server.js:1428:9)
    at async DevServer.renderPageComponent (file://D:\New folder\Sanity-clean\node_modules\.pnpm\next@16.1.7_@babel+core@7.2_afab9f0d18188aa4f323eb1cb6961aff\node_modules\next\dist\server\base-server.js:1480:24)
    at async DevServer.renderToResponseImpl (file://D:\New folder\Sanity-clean\node_modules\.pnpm\next@16.1.7_@babel+core@7.2_afab9f0d18188aa4f323eb1cb6961aff\node_modules\next\dist\server\base-server.js:1530:32)
    at async DevServer.pipeImpl (file://D:\New folder\Sanity-clean\node_modules\.pnpm\next@16.1.7_@babel+core@7.2_afab9f0d18188aa4f323eb1cb6961aff\node_modules\next\dist\server\base-server.js:1024:25)
    at async NextNodeServer.handleCatchallRenderRequest (file://D:\New folder\Sanity-clean\node_modules\.pnpm\next@16.1.7_@babel+core@7.2_afab9f0d18188aa4f323eb1cb6961aff\node_modules\next\dist\server\next-server.js:395:17)
    at async DevServer.handleRequestImpl (file://D:\New folder\Sanity-clean\node_modules\.pnpm\next@16.1.7_@babel+core@7.2_afab9f0d18188aa4f323eb1cb6961aff\node_modules\next\dist\server\base-server.js:915:17)
    at async (file://D:\New folder\Sanity-clean\node_modules\.pnpm\next@16.1.7_@babel+core@7.2_afab9f0d18188aa4f323eb1cb6961aff\node_modules\next\dist\server\dev\next-dev-server.js:387:20)
    at async Span.traceAsyncFn (file://D:\New folder\Sanity-clean\node_modules\.pnpm\next@16.1.7_@babel+core@7.2_afab9f0d18188aa4f323eb1cb6961aff\node_modules\next\dist\trace\trace.js:157:20)
    at async DevServer.handleRequest (file://D:\New folder\Sanity-clean\node_modules\.pnpm\next@16.1.7_@babel+core@7.2_afab9f0d18188aa4f323eb1cb6961aff\node_modules\next\dist\server\dev\next-dev-server.js:383:24)
    at async invokeRender (file://D:\New folder\Sanity-clean\node_modules\.pnpm\next@16.1.7_@babel+core@7.2_afab9f0d18188aa4f323eb1cb6961aff\node_modules\next\dist\server\lib\router-server.js:248:21)
    at async handleRequest (file://D:\New folder\Sanity-clean\node_modules\.pnpm\next@16.1.7_@babel+core@7.2_afab9f0d18188aa4f323eb1cb6961aff\node_modules\next\dist\server\lib\router-server.js:447:24)
    at async requestHandlerImpl (file://D:\New folder\Sanity-clean\node_modules\.pnpm\next@16.1.7_@babel+core@7.2_afab9f0d18188aa4f323eb1cb6961aff\node_modules\next\dist\server\lib\router-server.js:496:13)
    at async Server.requestListener (file://D:\New folder\Sanity-clean\node_modules\.pnpm\next@16.1.7_@babel+core@7.2_afab9f0d18188aa4f323eb1cb6961aff\node_modules\next\dist\server\lib\start-server.js:226:13)
[   88920ms] [LOG] [HMR] connected @ webpack-internal:///(pages-dir-browser)/../node_modules/.pnpm/next@16.1.7_@babel+core@7.2_afab9f0d18188aa4f323eb1cb6961aff/node_modules/next/dist/next-devtools/shared/forward-logs-shared.js:27
[  108883ms] [LOG] [Fast Refresh] rebuilding @ webpack-internal:///(pages-dir-browser)/../node_modules/.pnpm/next@16.1.7_@babel+core@7.2_afab9f0d18188aa4f323eb1cb6961aff/node_modules/next/dist/next-devtools/shared/forward-logs-shared.js:27
[  137126ms] [INFO] %cDownload the React DevTools for a better development experience: https://react.dev/link/react-devtools font-weight:bold @ webpack-internal:///(app-pages-browser)/../node_modules/.pnpm/next@16.1.7_@babel+core@7.2_afab9f0d18188aa4f323eb1cb6961aff/node_modules/next/dist/next-devtools/shared/forward-logs-shared.js:27
[  137690ms] [LOG] [HMR] connected @ webpack-internal:///(app-pages-browser)/../node_modules/.pnpm/next@16.1.7_@babel+core@7.2_afab9f0d18188aa4f323eb1cb6961aff/node_modules/next/dist/next-devtools/shared/forward-logs-shared.js:27
[  140723ms] [ERROR] Encountered two children with the same key, `%s`. Keys should be unique so that components maintain their identity across updates. Non-unique keys may cause children to be duplicated and/or omitted — the behavior is unsupported and could change in a future version. FEATURE 1 @ webpack-internal:///(app-pages-browser)/../node_modules/.pnpm/next@16.1.7_@babel+core@7.2_afab9f0d18188aa4f323eb1cb6961aff/node_modules/next/dist/next-devtools/userspace/app/errors/intercept-console-error.js:51
[  140723ms] [ERROR] Encountered two children with the same key, `%s`. Keys should be unique so that components maintain their identity across updates. Non-unique keys may cause children to be duplicated and/or omitted — the behavior is unsupported and could change in a future version. FEATURE 1 @ webpack-internal:///(app-pages-browser)/../node_modules/.pnpm/next@16.1.7_@babel+core@7.2_afab9f0d18188aa4f323eb1cb6961aff/node_modules/next/dist/next-devtools/userspace/app/errors/intercept-console-error.js:51
[  140724ms] [ERROR] Encountered two children with the same key, `%s`. Keys should be unique so that components maintain their identity across updates. Non-unique keys may cause children to be duplicated and/or omitted — the behavior is unsupported and could change in a future version. FEATURE 1 @ webpack-internal:///(app-pages-browser)/../node_modules/.pnpm/next@16.1.7_@babel+core@7.2_afab9f0d18188aa4f323eb1cb6961aff/node_modules/next/dist/next-devtools/userspace/app/errors/intercept-console-error.js:51
[  140724ms] [ERROR] Encountered two children with the same key, `%s`. Keys should be unique so that components maintain their identity across updates. Non-unique keys may cause children to be duplicated and/or omitted — the behavior is unsupported and could change in a future version. FEATURE 1 @ webpack-internal:///(app-pages-browser)/../node_modules/.pnpm/next@16.1.7_@babel+core@7.2_afab9f0d18188aa4f323eb1cb6961aff/node_modules/next/dist/next-devtools/userspace/app/errors/intercept-console-error.js:51
[  140732ms] [ERROR] Encountered two children with the same key, `%s`. Keys should be unique so that components maintain their identity across updates. Non-unique keys may cause children to be duplicated and/or omitted — the behavior is unsupported and could change in a future version. FEATURE 1 @ webpack-internal:///(app-pages-browser)/../node_modules/.pnpm/next@16.1.7_@babel+core@7.2_afab9f0d18188aa4f323eb1cb6961aff/node_modules/next/dist/next-devtools/userspace/app/errors/intercept-console-error.js:51
[  140733ms] [ERROR] Encountered two children with the same key, `%s`. Keys should be unique so that components maintain their identity across updates. Non-unique keys may cause children to be duplicated and/or omitted — the behavior is unsupported and could change in a future version. FEATURE 1 @ webpack-internal:///(app-pages-browser)/../node_modules/.pnpm/next@16.1.7_@babel+core@7.2_afab9f0d18188aa4f323eb1cb6961aff/node_modules/next/dist/next-devtools/userspace/app/errors/intercept-console-error.js:51
[  140733ms] [ERROR] Encountered two children with the same key, `%s`. Keys should be unique so that components maintain their identity across updates. Non-unique keys may cause children to be duplicated and/or omitted — the behavior is unsupported and could change in a future version. FEATURE 1 @ webpack-internal:///(app-pages-browser)/../node_modules/.pnpm/next@16.1.7_@babel+core@7.2_afab9f0d18188aa4f323eb1cb6961aff/node_modules/next/dist/next-devtools/userspace/app/errors/intercept-console-error.js:51
[  140734ms] [ERROR] Encountered two children with the same key, `%s`. Keys should be unique so that components maintain their identity across updates. Non-unique keys may cause children to be duplicated and/or omitted — the behavior is unsupported and could change in a future version. FEATURE 1 @ webpack-internal:///(app-pages-browser)/../node_modules/.pnpm/next@16.1.7_@babel+core@7.2_afab9f0d18188aa4f323eb1cb6961aff/node_modules/next/dist/next-devtools/userspace/app/errors/intercept-console-error.js:51
[  140737ms] [ERROR] Encountered two children with the same key, `%s`. Keys should be unique so that components maintain their identity across updates. Non-unique keys may cause children to be duplicated and/or omitted — the behavior is unsupported and could change in a future version. FEATURE 1 @ webpack-internal:///(app-pages-browser)/../node_modules/.pnpm/next@16.1.7_@babel+core@7.2_afab9f0d18188aa4f323eb1cb6961aff/node_modules/next/dist/next-devtools/userspace/app/errors/intercept-console-error.js:51
[  140738ms] [ERROR] Encountered two children with the same key, `%s`. Keys should be unique so that components maintain their identity across updates. Non-unique keys may cause children to be duplicated and/or omitted — the behavior is unsupported and could change in a future version. FEATURE 1 @ webpack-internal:///(app-pages-browser)/../node_modules/.pnpm/next@16.1.7_@babel+core@7.2_afab9f0d18188aa4f323eb1cb6961aff/node_modules/next/dist/next-devtools/userspace/app/errors/intercept-console-error.js:51
[  140739ms] [ERROR] Encountered two children with the same key, `%s`. Keys should be unique so that components maintain their identity across updates. Non-unique keys may cause children to be duplicated and/or omitted — the behavior is unsupported and could change in a future version. FEATURE 1 @ webpack-internal:///(app-pages-browser)/../node_modules/.pnpm/next@16.1.7_@babel+core@7.2_afab9f0d18188aa4f323eb1cb6961aff/node_modules/next/dist/next-devtools/userspace/app/errors/intercept-console-error.js:51
[  140739ms] [ERROR] Encountered two children with the same key, `%s`. Keys should be unique so that components maintain their identity across updates. Non-unique keys may cause children to be duplicated and/or omitted — the behavior is unsupported and could change in a future version. FEATURE 1 @ webpack-internal:///(app-pages-browser)/../node_modules/.pnpm/next@16.1.7_@babel+core@7.2_afab9f0d18188aa4f323eb1cb6961aff/node_modules/next/dist/next-devtools/userspace/app/errors/intercept-console-error.js:51
[  144467ms] [WARNING] The resource http://localhost:3002/_next/static/chunks/_app-pages-browser_components_blocks_faqs_tsx.js was preloaded using link preload but not used within a few seconds from the window's load event. Please make sure it has an appropriate `as` value and it is preloaded intentionally. @ http://localhost:3002/:0
[  144467ms] [WARNING] The resource http://localhost:3002/_next/static/chunks/_app-pages-browser_components_blocks_seo_testimonials-block_tsx.js was preloaded using link preload but not used within a few seconds from the window's load event. Please make sure it has an appropriate `as` value and it is preloaded intentionally. @ http://localhost:3002/:0
[  144467ms] [WARNING] The resource http://localhost:3002/_next/static/chunks/_app-pages-browser_components_blocks_seo_company-info_tsx.js was preloaded using link preload but not used within a few seconds from the window's load event. Please make sure it has an appropriate `as` value and it is preloaded intentionally. @ http://localhost:3002/:0
[  144467ms] [WARNING] The resource http://localhost:3002/_next/static/chunks/_app-pages-browser_components_blocks_hero_hero-vercel_tsx.js was preloaded using link preload but not used within a few seconds from the window's load event. Please make sure it has an appropriate `as` value and it is preloaded intentionally. @ http://localhost:3002/:0
[  144467ms] [WARNING] The resource http://localhost:3002/_next/static/chunks/_app-pages-browser_components_blocks_seo_faq-block_tsx.js was preloaded using link preload but not used within a few seconds from the window's load event. Please make sure it has an appropriate `as` value and it is preloaded intentionally. @ http://localhost:3002/:0
[  144467ms] [WARNING] The resource http://localhost:3002/_next/static/chunks/_app-pages-browser_components_blocks_seo_pricing-block_tsx.js was preloaded using link preload but not used within a few seconds from the window's load event. Please make sure it has an appropriate `as` value and it is preloaded intentionally. @ http://localhost:3002/:0
[  144467ms] [WARNING] The resource http://localhost:3002/_next/static/chunks/_app-pages-browser_components_blocks_seo_problem-solution-block_tsx.js was preloaded using link preload but not used within a few seconds from the window's load event. Please make sure it has an appropriate `as` value and it is preloaded intentionally. @ http://localhost:3002/:0
[  144467ms] [WARNING] The resource http://localhost:3002/_next/static/chunks/_app-pages-browser_components_blocks_hero_hero-2_tsx.js was preloaded using link preload but not used within a few seconds from the window's load event. Please make sure it has an appropriate `as` value and it is preloaded intentionally. @ http://localhost:3002/:0
[  145646ms] [WARNING] [Fast Refresh] performing full reload

Fast Refresh will perform a full reload when you edit a file that's imported by modules outside of the React rendering tree.
You might have a file which exports a React component but also exports a value that is imported by a non-React component file.
Consider migrating the non-React component export to a separate file and importing it into both files.

It is also possible the parent component of the component you edited is a class component, which disables Fast Refresh.
Fast Refresh requires at least one parent function component in your React tree. @ webpack-internal:///(app-pages-browser)/../node_modules/.pnpm/next@16.1.7_@babel+core@7.2_afab9f0d18188aa4f323eb1cb6961aff/node_modules/next/dist/next-devtools/shared/forward-logs-shared.js:27
[  145815ms] [LOG] [Fast Refresh] rebuilding @ webpack-internal:///(app-pages-browser)/../node_modules/.pnpm/next@16.1.7_@babel+core@7.2_afab9f0d18188aa4f323eb1cb6961aff/node_modules/next/dist/next-devtools/shared/forward-logs-shared.js:27
[  146690ms] [LOG] [Fast Refresh] done in 876ms @ webpack-internal:///(app-pages-browser)/../node_modules/.pnpm/next@16.1.7_@babel+core@7.2_afab9f0d18188aa4f323eb1cb6961aff/node_modules/next/dist/next-devtools/shared/forward-logs-shared.js:27
[  149581ms] [ERROR] Encountered two children with the same key, `%s`. Keys should be unique so that components maintain their identity across updates. Non-unique keys may cause children to be duplicated and/or omitted — the behavior is unsupported and could change in a future version. FEATURE 1 @ webpack-internal:///(app-pages-browser)/../node_modules/.pnpm/next@16.1.7_@babel+core@7.2_afab9f0d18188aa4f323eb1cb6961aff/node_modules/next/dist/next-devtools/userspace/app/errors/intercept-console-error.js:51
[  149581ms] [ERROR] Encountered two children with the same key, `%s`. Keys should be unique so that components maintain their identity across updates. Non-unique keys may cause children to be duplicated and/or omitted — the behavior is unsupported and could change in a future version. FEATURE 1 @ webpack-internal:///(app-pages-browser)/../node_modules/.pnpm/next@16.1.7_@babel+core@7.2_afab9f0d18188aa4f323eb1cb6961aff/node_modules/next/dist/next-devtools/userspace/app/errors/intercept-console-error.js:51
[  149582ms] [ERROR] Encountered two children with the same key, `%s`. Keys should be unique so that components maintain their identity across updates. Non-unique keys may cause children to be duplicated and/or omitted — the behavior is unsupported and could change in a future version. FEATURE 1 @ webpack-internal:///(app-pages-browser)/../node_modules/.pnpm/next@16.1.7_@babel+core@7.2_afab9f0d18188aa4f323eb1cb6961aff/node_modules/next/dist/next-devtools/userspace/app/errors/intercept-console-error.js:51
[  149582ms] [ERROR] Encountered two children with the same key, `%s`. Keys should be unique so that components maintain their identity across updates. Non-unique keys may cause children to be duplicated and/or omitted — the behavior is unsupported and could change in a future version. FEATURE 1 @ webpack-internal:///(app-pages-browser)/../node_modules/.pnpm/next@16.1.7_@babel+core@7.2_afab9f0d18188aa4f323eb1cb6961aff/node_modules/next/dist/next-devtools/userspace/app/errors/intercept-console-error.js:51
[  149586ms] [ERROR] Encountered two children with the same key, `%s`. Keys should be unique so that components maintain their identity across updates. Non-unique keys may cause children to be duplicated and/or omitted — the behavior is unsupported and could change in a future version. FEATURE 1 @ webpack-internal:///(app-pages-browser)/../node_modules/.pnpm/next@16.1.7_@babel+core@7.2_afab9f0d18188aa4f323eb1cb6961aff/node_modules/next/dist/next-devtools/userspace/app/errors/intercept-console-error.js:51
[  149586ms] [ERROR] Encountered two children with the same key, `%s`. Keys should be unique so that components maintain their identity across updates. Non-unique keys may cause children to be duplicated and/or omitted — the behavior is unsupported and could change in a future version. FEATURE 1 @ webpack-internal:///(app-pages-browser)/../node_modules/.pnpm/next@16.1.7_@babel+core@7.2_afab9f0d18188aa4f323eb1cb6961aff/node_modules/next/dist/next-devtools/userspace/app/errors/intercept-console-error.js:51
[  149586ms] [ERROR] Encountered two children with the same key, `%s`. Keys should be unique so that components maintain their identity across updates. Non-unique keys may cause children to be duplicated and/or omitted — the behavior is unsupported and could change in a future version. FEATURE 1 @ webpack-internal:///(app-pages-browser)/../node_modules/.pnpm/next@16.1.7_@babel+core@7.2_afab9f0d18188aa4f323eb1cb6961aff/node_modules/next/dist/next-devtools/userspace/app/errors/intercept-console-error.js:51
[  149587ms] [ERROR] Encountered two children with the same key, `%s`. Keys should be unique so that components maintain their identity across updates. Non-unique keys may cause children to be duplicated and/or omitted — the behavior is unsupported and could change in a future version. FEATURE 1 @ webpack-internal:///(app-pages-browser)/../node_modules/.pnpm/next@16.1.7_@babel+core@7.2_afab9f0d18188aa4f323eb1cb6961aff/node_modules/next/dist/next-devtools/userspace/app/errors/intercept-console-error.js:51
[  149588ms] [ERROR] Encountered two children with the same key, `%s`. Keys should be unique so that components maintain their identity across updates. Non-unique keys may cause children to be duplicated and/or omitted — the behavior is unsupported and could change in a future version. FEATURE 1 @ webpack-internal:///(app-pages-browser)/../node_modules/.pnpm/next@16.1.7_@babel+core@7.2_afab9f0d18188aa4f323eb1cb6961aff/node_modules/next/dist/next-devtools/userspace/app/errors/intercept-console-error.js:51
[  149589ms] [ERROR] Encountered two children with the same key, `%s`. Keys should be unique so that components maintain their identity across updates. Non-unique keys may cause children to be duplicated and/or omitted — the behavior is unsupported and could change in a future version. FEATURE 1 @ webpack-internal:///(app-pages-browser)/../node_modules/.pnpm/next@16.1.7_@babel+core@7.2_afab9f0d18188aa4f323eb1cb6961aff/node_modules/next/dist/next-devtools/userspace/app/errors/intercept-console-error.js:51
[  149589ms] [ERROR] Encountered two children with the same key, `%s`. Keys should be unique so that components maintain their identity across updates. Non-unique keys may cause children to be duplicated and/or omitted — the behavior is unsupported and could change in a future version. FEATURE 1 @ webpack-internal:///(app-pages-browser)/../node_modules/.pnpm/next@16.1.7_@babel+core@7.2_afab9f0d18188aa4f323eb1cb6961aff/node_modules/next/dist/next-devtools/userspace/app/errors/intercept-console-error.js:51
[  149590ms] [ERROR] Encountered two children with the same key, `%s`. Keys should be unique so that components maintain their identity across updates. Non-unique keys may cause children to be duplicated and/or omitted — the behavior is unsupported and could change in a future version. FEATURE 1 @ webpack-internal:///(app-pages-browser)/../node_modules/.pnpm/next@16.1.7_@babel+core@7.2_afab9f0d18188aa4f323eb1cb6961aff/node_modules/next/dist/next-devtools/userspace/app/errors/intercept-console-error.js:51
[  154708ms] [INFO] %cDownload the React DevTools for a better development experience: https://react.dev/link/react-devtools font-weight:bold @ webpack-internal:///(app-pages-browser)/../node_modules/.pnpm/next@16.1.7_@babel+core@7.2_afab9f0d18188aa4f323eb1cb6961aff/node_modules/next/dist/next-devtools/shared/forward-logs-shared.js:27
[  155111ms] [LOG] [HMR] connected @ webpack-internal:///(app-pages-browser)/../node_modules/.pnpm/next@16.1.7_@babel+core@7.2_afab9f0d18188aa4f323eb1cb6961aff/node_modules/next/dist/next-devtools/shared/forward-logs-shared.js:27
[  155398ms] [ERROR] Encountered two children with the same key, `%s`. Keys should be unique so that components maintain their identity across updates. Non-unique keys may cause children to be duplicated and/or omitted — the behavior is unsupported and could change in a future version. FEATURE 1 @ webpack-internal:///(app-pages-browser)/../node_modules/.pnpm/next@16.1.7_@babel+core@7.2_afab9f0d18188aa4f323eb1cb6961aff/node_modules/next/dist/next-devtools/userspace/app/errors/intercept-console-error.js:51
[  155398ms] [ERROR] Encountered two children with the same key, `%s`. Keys should be unique so that components maintain their identity across updates. Non-unique keys may cause children to be duplicated and/or omitted — the behavior is unsupported and could change in a future version. FEATURE 1 @ webpack-internal:///(app-pages-browser)/../node_modules/.pnpm/next@16.1.7_@babel+core@7.2_afab9f0d18188aa4f323eb1cb6961aff/node_modules/next/dist/next-devtools/userspace/app/errors/intercept-console-error.js:51
[  155398ms] [ERROR] Encountered two children with the same key, `%s`. Keys should be unique so that components maintain their identity across updates. Non-unique keys may cause children to be duplicated and/or omitted — the behavior is unsupported and could change in a future version. FEATURE 1 @ webpack-internal:///(app-pages-browser)/../node_modules/.pnpm/next@16.1.7_@babel+core@7.2_afab9f0d18188aa4f323eb1cb6961aff/node_modules/next/dist/next-devtools/userspace/app/errors/intercept-console-error.js:51
[  155398ms] [ERROR] Encountered two children with the same key, `%s`. Keys should be unique so that components maintain their identity across updates. Non-unique keys may cause children to be duplicated and/or omitted — the behavior is unsupported and could change in a future version. FEATURE 1 @ webpack-internal:///(app-pages-browser)/../node_modules/.pnpm/next@16.1.7_@babel+core@7.2_afab9f0d18188aa4f323eb1cb6961aff/node_modules/next/dist/next-devtools/userspace/app/errors/intercept-console-error.js:51
[  155409ms] [ERROR] Encountered two children with the same key, `%s`. Keys should be unique so that components maintain their identity across updates. Non-unique keys may cause children to be duplicated and/or omitted — the behavior is unsupported and could change in a future version. FEATURE 1 @ webpack-internal:///(app-pages-browser)/../node_modules/.pnpm/next@16.1.7_@babel+core@7.2_afab9f0d18188aa4f323eb1cb6961aff/node_modules/next/dist/next-devtools/userspace/app/errors/intercept-console-error.js:51
[  155415ms] [ERROR] Encountered two children with the same key, `%s`. Keys should be unique so that components maintain their identity across updates. Non-unique keys may cause children to be duplicated and/or omitted — the behavior is unsupported and could change in a future version. FEATURE 1 @ webpack-internal:///(app-pages-browser)/../node_modules/.pnpm/next@16.1.7_@babel+core@7.2_afab9f0d18188aa4f323eb1cb6961aff/node_modules/next/dist/next-devtools/userspace/app/errors/intercept-console-error.js:51
[  155416ms] [ERROR] Encountered two children with the same key, `%s`. Keys should be unique so that components maintain their identity across updates. Non-unique keys may cause children to be duplicated and/or omitted — the behavior is unsupported and could change in a future version. FEATURE 1 @ webpack-internal:///(app-pages-browser)/../node_modules/.pnpm/next@16.1.7_@babel+core@7.2_afab9f0d18188aa4f323eb1cb6961aff/node_modules/next/dist/next-devtools/userspace/app/errors/intercept-console-error.js:51
[  155416ms] [ERROR] Encountered two children with the same key, `%s`. Keys should be unique so that components maintain their identity across updates. Non-unique keys may cause children to be duplicated and/or omitted — the behavior is unsupported and could change in a future version. FEATURE 1 @ webpack-internal:///(app-pages-browser)/../node_modules/.pnpm/next@16.1.7_@babel+core@7.2_afab9f0d18188aa4f323eb1cb6961aff/node_modules/next/dist/next-devtools/userspace/app/errors/intercept-console-error.js:51
[  155428ms] [ERROR] Encountered two children with the same key, `%s`. Keys should be unique so that components maintain their identity across updates. Non-unique keys may cause children to be duplicated and/or omitted — the behavior is unsupported and could change in a future version. FEATURE 1 @ webpack-internal:///(app-pages-browser)/../node_modules/.pnpm/next@16.1.7_@babel+core@7.2_afab9f0d18188aa4f323eb1cb6961aff/node_modules/next/dist/next-devtools/userspace/app/errors/intercept-console-error.js:51
[  155429ms] [ERROR] Encountered two children with the same key, `%s`. Keys should be unique so that components maintain their identity across updates. Non-unique keys may cause children to be duplicated and/or omitted — the behavior is unsupported and could change in a future version. FEATURE 1 @ webpack-internal:///(app-pages-browser)/../node_modules/.pnpm/next@16.1.7_@babel+core@7.2_afab9f0d18188aa4f323eb1cb6961aff/node_modules/next/dist/next-devtools/userspace/app/errors/intercept-console-error.js:51
[  155429ms] [ERROR] Encountered two children with the same key, `%s`. Keys should be unique so that components maintain their identity across updates. Non-unique keys may cause children to be duplicated and/or omitted — the behavior is unsupported and could change in a future version. FEATURE 1 @ webpack-internal:///(app-pages-browser)/../node_modules/.pnpm/next@16.1.7_@babel+core@7.2_afab9f0d18188aa4f323eb1cb6961aff/node_modules/next/dist/next-devtools/userspace/app/errors/intercept-console-error.js:51
[  155430ms] [ERROR] Encountered two children with the same key, `%s`. Keys should be unique so that components maintain their identity across updates. Non-unique keys may cause children to be duplicated and/or omitted — the behavior is unsupported and could change in a future version. FEATURE 1 @ webpack-internal:///(app-pages-browser)/../node_modules/.pnpm/next@16.1.7_@babel+core@7.2_afab9f0d18188aa4f323eb1cb6961aff/node_modules/next/dist/next-devtools/userspace/app/errors/intercept-console-error.js:51
[  158681ms] [WARNING] The resource http://localhost:3002/_next/static/chunks/_app-pages-browser_components_blocks_faqs_tsx.js was preloaded using link preload but not used within a few seconds from the window's load event. Please make sure it has an appropriate `as` value and it is preloaded intentionally. @ http://localhost:3002/:0
[  158681ms] [WARNING] The resource http://localhost:3002/_next/static/chunks/_app-pages-browser_components_blocks_seo_testimonials-block_tsx.js was preloaded using link preload but not used within a few seconds from the window's load event. Please make sure it has an appropriate `as` value and it is preloaded intentionally. @ http://localhost:3002/:0
[  158681ms] [WARNING] The resource http://localhost:3002/_next/static/chunks/_app-pages-browser_components_blocks_seo_company-info_tsx.js was preloaded using link preload but not used within a few seconds from the window's load event. Please make sure it has an appropriate `as` value and it is preloaded intentionally. @ http://localhost:3002/:0
[  158681ms] [WARNING] The resource http://localhost:3002/_next/static/chunks/_app-pages-browser_components_blocks_hero_hero-vercel_tsx.js was preloaded using link preload but not used within a few seconds from the window's load event. Please make sure it has an appropriate `as` value and it is preloaded intentionally. @ http://localhost:3002/:0
[  158681ms] [WARNING] The resource http://localhost:3002/_next/static/chunks/_app-pages-browser_components_blocks_seo_faq-block_tsx.js was preloaded using link preload but not used within a few seconds from the window's load event. Please make sure it has an appropriate `as` value and it is preloaded intentionally. @ http://localhost:3002/:0
[  158681ms] [WARNING] The resource http://localhost:3002/_next/static/chunks/_app-pages-browser_components_blocks_seo_pricing-block_tsx.js was preloaded using link preload but not used within a few seconds from the window's load event. Please make sure it has an appropriate `as` value and it is preloaded intentionally. @ http://localhost:3002/:0
[  158681ms] [WARNING] The resource http://localhost:3002/_next/static/chunks/_app-pages-browser_components_blocks_seo_problem-solution-block_tsx.js was preloaded using link preload but not used within a few seconds from the window's load event. Please make sure it has an appropriate `as` value and it is preloaded intentionally. @ http://localhost:3002/:0
[  158681ms] [WARNING] The resource http://localhost:3002/_next/static/chunks/_app-pages-browser_components_blocks_hero_hero-2_tsx.js was preloaded using link preload but not used within a few seconds from the window's load event. Please make sure it has an appropriate `as` value and it is preloaded intentionally. @ http://localhost:3002/:0
[  163734ms] [WARNING] The resource http://localhost:3002/_next/static/chunks/_app-pages-browser_components_blocks_faqs_tsx.js was preloaded using link preload but not used within a few seconds from the window's load event. Please make sure it has an appropriate `as` value and it is preloaded intentionally. @ http://localhost:3002/:0
[  163734ms] [WARNING] The resource http://localhost:3002/_next/static/chunks/_app-pages-browser_components_blocks_seo_testimonials-block_tsx.js was preloaded using link preload but not used within a few seconds from the window's load event. Please make sure it has an appropriate `as` value and it is preloaded intentionally. @ http://localhost:3002/:0
[  163734ms] [WARNING] The resource http://localhost:3002/_next/static/chunks/_app-pages-browser_components_blocks_seo_company-info_tsx.js was preloaded using link preload but not used within a few seconds from the window's load event. Please make sure it has an appropriate `as` value and it is preloaded intentionally. @ http://localhost:3002/:0
[  163734ms] [WARNING] The resource http://localhost:3002/_next/static/chunks/_app-pages-browser_components_blocks_hero_hero-vercel_tsx.js was preloaded using link preload but not used within a few seconds from the window's load event. Please make sure it has an appropriate `as` value and it is preloaded intentionally. @ http://localhost:3002/:0
[  163734ms] [WARNING] The resource http://localhost:3002/_next/static/chunks/_app-pages-browser_components_blocks_seo_faq-block_tsx.js was preloaded using link preload but not used within a few seconds from the window's load event. Please make sure it has an appropriate `as` value and it is preloaded intentionally. @ http://localhost:3002/:0
[  163734ms] [WARNING] The resource http://localhost:3002/_next/static/chunks/_app-pages-browser_components_blocks_seo_pricing-block_tsx.js was preloaded using link preload but not used within a few seconds from the window's load event. Please make sure it has an appropriate `as` value and it is preloaded intentionally. @ http://localhost:3002/:0
[  163734ms] [WARNING] The resource http://localhost:3002/_next/static/chunks/_app-pages-browser_components_blocks_seo_problem-solution-block_tsx.js was preloaded using link preload but not used within a few seconds from the window's load event. Please make sure it has an appropriate `as` value and it is preloaded intentionally. @ http://localhost:3002/:0
[  163734ms] [WARNING] The resource http://localhost:3002/_next/static/chunks/_app-pages-browser_components_blocks_hero_hero-2_tsx.js was preloaded using link preload but not used within a few seconds from the window's load event. Please make sure it has an appropriate `as` value and it is preloaded intentionally. @ http://localhost:3002/:0
[  276986ms] [LOG] [Fast Refresh] rebuilding @ webpack-internal:///(app-pages-browser)/../node_modules/.pnpm/next@16.1.7_@babel+core@7.2_afab9f0d18188aa4f323eb1cb6961aff/node_modules/next/dist/next-devtools/shared/forward-logs-shared.js:27
[  279912ms] [LOG] [Fast Refresh] done in 2926ms @ webpack-internal:///(app-pages-browser)/../node_modules/.pnpm/next@16.1.7_@babel+core@7.2_afab9f0d18188aa4f323eb1cb6961aff/node_modules/next/dist/next-devtools/shared/forward-logs-shared.js:27
[  282456ms] [ERROR] Encountered two children with the same key, `%s`. Keys should be unique so that components maintain their identity across updates. Non-unique keys may cause children to be duplicated and/or omitted — the behavior is unsupported and could change in a future version. FEATURE 1 @ webpack-internal:///(app-pages-browser)/../node_modules/.pnpm/next@16.1.7_@babel+core@7.2_afab9f0d18188aa4f323eb1cb6961aff/node_modules/next/dist/next-devtools/userspace/app/errors/intercept-console-error.js:51
[  282456ms] [ERROR] Encountered two children with the same key, `%s`. Keys should be unique so that components maintain their identity across updates. Non-unique keys may cause children to be duplicated and/or omitted — the behavior is unsupported and could change in a future version. FEATURE 1 @ webpack-internal:///(app-pages-browser)/../node_modules/.pnpm/next@16.1.7_@babel+core@7.2_afab9f0d18188aa4f323eb1cb6961aff/node_modules/next/dist/next-devtools/userspace/app/errors/intercept-console-error.js:51
[  282457ms] [ERROR] Encountered two children with the same key, `%s`. Keys should be unique so that components maintain their identity across updates. Non-unique keys may cause children to be duplicated and/or omitted — the behavior is unsupported and could change in a future version. FEATURE 1 @ webpack-internal:///(app-pages-browser)/../node_modules/.pnpm/next@16.1.7_@babel+core@7.2_afab9f0d18188aa4f323eb1cb6961aff/node_modules/next/dist/next-devtools/userspace/app/errors/intercept-console-error.js:51
[  282457ms] [ERROR] Encountered two children with the same key, `%s`. Keys should be unique so that components maintain their identity across updates. Non-unique keys may cause children to be duplicated and/or omitted — the behavior is unsupported and could change in a future version. FEATURE 1 @ webpack-internal:///(app-pages-browser)/../node_modules/.pnpm/next@16.1.7_@babel+core@7.2_afab9f0d18188aa4f323eb1cb6961aff/node_modules/next/dist/next-devtools/userspace/app/errors/intercept-console-error.js:51
[  282458ms] [ERROR] Encountered two children with the same key, `%s`. Keys should be unique so that components maintain their identity across updates. Non-unique keys may cause children to be duplicated and/or omitted — the behavior is unsupported and could change in a future version. FEATURE 1 @ webpack-internal:///(app-pages-browser)/../node_modules/.pnpm/next@16.1.7_@babel+core@7.2_afab9f0d18188aa4f323eb1cb6961aff/node_modules/next/dist/next-devtools/userspace/app/errors/intercept-console-error.js:51
[  282459ms] [ERROR] Encountered two children with the same key, `%s`. Keys should be unique so that components maintain their identity across updates. Non-unique keys may cause children to be duplicated and/or omitted — the behavior is unsupported and could change in a future version. FEATURE 1 @ webpack-internal:///(app-pages-browser)/../node_modules/.pnpm/next@16.1.7_@babel+core@7.2_afab9f0d18188aa4f323eb1cb6961aff/node_modules/next/dist/next-devtools/userspace/app/errors/intercept-console-error.js:51
[  282459ms] [ERROR] Encountered two children with the same key, `%s`. Keys should be unique so that components maintain their identity across updates. Non-unique keys may cause children to be duplicated and/or omitted — the behavior is unsupported and could change in a future version. FEATURE 1 @ webpack-internal:///(app-pages-browser)/../node_modules/.pnpm/next@16.1.7_@babel+core@7.2_afab9f0d18188aa4f323eb1cb6961aff/node_modules/next/dist/next-devtools/userspace/app/errors/intercept-console-error.js:51
[  282459ms] [ERROR] Encountered two children with the same key, `%s`. Keys should be unique so that components maintain their identity across updates. Non-unique keys may cause children to be duplicated and/or omitted — the behavior is unsupported and could change in a future version. FEATURE 1 @ webpack-internal:///(app-pages-browser)/../node_modules/.pnpm/next@16.1.7_@babel+core@7.2_afab9f0d18188aa4f323eb1cb6961aff/node_modules/next/dist/next-devtools/userspace/app/errors/intercept-console-error.js:51
[  282464ms] [ERROR] Encountered two children with the same key, `%s`. Keys should be unique so that components maintain their identity across updates. Non-unique keys may cause children to be duplicated and/or omitted — the behavior is unsupported and could change in a future version. FEATURE 1 @ webpack-internal:///(app-pages-browser)/../node_modules/.pnpm/next@16.1.7_@babel+core@7.2_afab9f0d18188aa4f323eb1cb6961aff/node_modules/next/dist/next-devtools/userspace/app/errors/intercept-console-error.js:51
[  282464ms] [ERROR] Encountered two children with the same key, `%s`. Keys should be unique so that components maintain their identity across updates. Non-unique keys may cause children to be duplicated and/or omitted — the behavior is unsupported and could change in a future version. FEATURE 1 @ webpack-internal:///(app-pages-browser)/../node_modules/.pnpm/next@16.1.7_@babel+core@7.2_afab9f0d18188aa4f323eb1cb6961aff/node_modules/next/dist/next-devtools/userspace/app/errors/intercept-console-error.js:51
[  282465ms] [ERROR] Encountered two children with the same key, `%s`. Keys should be unique so that components maintain their identity across updates. Non-unique keys may cause children to be duplicated and/or omitted — the behavior is unsupported and could change in a future version. FEATURE 1 @ webpack-internal:///(app-pages-browser)/../node_modules/.pnpm/next@16.1.7_@babel+core@7.2_afab9f0d18188aa4f323eb1cb6961aff/node_modules/next/dist/next-devtools/userspace/app/errors/intercept-console-error.js:51
[  282465ms] [ERROR] Encountered two children with the same key, `%s`. Keys should be unique so that components maintain their identity across updates. Non-unique keys may cause children to be duplicated and/or omitted — the behavior is unsupported and could change in a future version. FEATURE 1 @ webpack-internal:///(app-pages-browser)/../node_modules/.pnpm/next@16.1.7_@babel+core@7.2_afab9f0d18188aa4f323eb1cb6961aff/node_modules/next/dist/next-devtools/userspace/app/errors/intercept-console-error.js:51
[  284823ms] [LOG] [Fast Refresh] rebuilding @ webpack-internal:///(app-pages-browser)/../node_modules/.pnpm/next@16.1.7_@babel+core@7.2_afab9f0d18188aa4f323eb1cb6961aff/node_modules/next/dist/next-devtools/shared/forward-logs-shared.js:27
[  285629ms] [WARNING] The resource http://localhost:3002/_next/static/chunks/_app-pages-browser_components_blocks_faqs_tsx.js was preloaded using link preload but not used within a few seconds from the window's load event. Please make sure it has an appropriate `as` value and it is preloaded intentionally. @ http://localhost:3002/:0
[  285629ms] [WARNING] The resource http://localhost:3002/_next/static/chunks/_app-pages-browser_components_blocks_seo_testimonials-block_tsx.js was preloaded using link preload but not used within a few seconds from the window's load event. Please make sure it has an appropriate `as` value and it is preloaded intentionally. @ http://localhost:3002/:0
[  285629ms] [WARNING] The resource http://localhost:3002/_next/static/chunks/_app-pages-browser_components_blocks_seo_company-info_tsx.js was preloaded using link preload but not used within a few seconds from the window's load event. Please make sure it has an appropriate `as` value and it is preloaded intentionally. @ http://localhost:3002/:0
[  285629ms] [WARNING] The resource http://localhost:3002/_next/static/chunks/_app-pages-browser_components_blocks_hero_hero-vercel_tsx.js was preloaded using link preload but not used within a few seconds from the window's load event. Please make sure it has an appropriate `as` value and it is preloaded intentionally. @ http://localhost:3002/:0
[  285629ms] [WARNING] The resource http://localhost:3002/_next/static/chunks/_app-pages-browser_components_blocks_seo_faq-block_tsx.js was preloaded using link preload but not used within a few seconds from the window's load event. Please make sure it has an appropriate `as` value and it is preloaded intentionally. @ http://localhost:3002/:0
[  285629ms] [WARNING] The resource http://localhost:3002/_next/static/chunks/_app-pages-browser_components_blocks_seo_pricing-block_tsx.js was preloaded using link preload but not used within a few seconds from the window's load event. Please make sure it has an appropriate `as` value and it is preloaded intentionally. @ http://localhost:3002/:0
[  285629ms] [WARNING] The resource http://localhost:3002/_next/static/chunks/_app-pages-browser_components_blocks_seo_problem-solution-block_tsx.js was preloaded using link preload but not used within a few seconds from the window's load event. Please make sure it has an appropriate `as` value and it is preloaded intentionally. @ http://localhost:3002/:0
[  285629ms] [WARNING] The resource http://localhost:3002/_next/static/chunks/_app-pages-browser_components_blocks_hero_hero-2_tsx.js was preloaded using link preload but not used within a few seconds from the window's load event. Please make sure it has an appropriate `as` value and it is preloaded intentionally. @ http://localhost:3002/:0
[  287173ms] [LOG] [Fast Refresh] done in 2351ms @ webpack-internal:///(app-pages-browser)/../node_modules/.pnpm/next@16.1.7_@babel+core@7.2_afab9f0d18188aa4f323eb1cb6961aff/node_modules/next/dist/next-devtools/shared/forward-logs-shared.js:27
[  288061ms] [ERROR] Encountered two children with the same key, `%s`. Keys should be unique so that components maintain their identity across updates. Non-unique keys may cause children to be duplicated and/or omitted — the behavior is unsupported and could change in a future version. FEATURE 1 @ webpack-internal:///(app-pages-browser)/../node_modules/.pnpm/next@16.1.7_@babel+core@7.2_afab9f0d18188aa4f323eb1cb6961aff/node_modules/next/dist/next-devtools/userspace/app/errors/intercept-console-error.js:51
[  288061ms] [ERROR] Encountered two children with the same key, `%s`. Keys should be unique so that components maintain their identity across updates. Non-unique keys may cause children to be duplicated and/or omitted — the behavior is unsupported and could change in a future version. FEATURE 1 @ webpack-internal:///(app-pages-browser)/../node_modules/.pnpm/next@16.1.7_@babel+core@7.2_afab9f0d18188aa4f323eb1cb6961aff/node_modules/next/dist/next-devtools/userspace/app/errors/intercept-console-error.js:51
[  288061ms] [ERROR] Encountered two children with the same key, `%s`. Keys should be unique so that components maintain their identity across updates. Non-unique keys may cause children to be duplicated and/or omitted — the behavior is unsupported and could change in a future version. FEATURE 1 @ webpack-internal:///(app-pages-browser)/../node_modules/.pnpm/next@16.1.7_@babel+core@7.2_afab9f0d18188aa4f323eb1cb6961aff/node_modules/next/dist/next-devtools/userspace/app/errors/intercept-console-error.js:51
[  288061ms] [ERROR] Encountered two children with the same key, `%s`. Keys should be unique so that components maintain their identity across updates. Non-unique keys may cause children to be duplicated and/or omitted — the behavior is unsupported and could change in a future version. FEATURE 1 @ webpack-internal:///(app-pages-browser)/../node_modules/.pnpm/next@16.1.7_@babel+core@7.2_afab9f0d18188aa4f323eb1cb6961aff/node_modules/next/dist/next-devtools/userspace/app/errors/intercept-console-error.js:51
[  288063ms] [ERROR] Encountered two children with the same key, `%s`. Keys should be unique so that components maintain their identity across updates. Non-unique keys may cause children to be duplicated and/or omitted — the behavior is unsupported and could change in a future version. FEATURE 1 @ webpack-internal:///(app-pages-browser)/../node_modules/.pnpm/next@16.1.7_@babel+core@7.2_afab9f0d18188aa4f323eb1cb6961aff/node_modules/next/dist/next-devtools/userspace/app/errors/intercept-console-error.js:51
[  288063ms] [ERROR] Encountered two children with the same key, `%s`. Keys should be unique so that components maintain their identity across updates. Non-unique keys may cause children to be duplicated and/or omitted — the behavior is unsupported and could change in a future version. FEATURE 1 @ webpack-internal:///(app-pages-browser)/../node_modules/.pnpm/next@16.1.7_@babel+core@7.2_afab9f0d18188aa4f323eb1cb6961aff/node_modules/next/dist/next-devtools/userspace/app/errors/intercept-console-error.js:51
[  288063ms] [ERROR] Encountered two children with the same key, `%s`. Keys should be unique so that components maintain their identity across updates. Non-unique keys may cause children to be duplicated and/or omitted — the behavior is unsupported and could change in a future version. FEATURE 1 @ webpack-internal:///(app-pages-browser)/../node_modules/.pnpm/next@16.1.7_@babel+core@7.2_afab9f0d18188aa4f323eb1cb6961aff/node_modules/next/dist/next-devtools/userspace/app/errors/intercept-console-error.js:51
[  288064ms] [ERROR] Encountered two children with the same key, `%s`. Keys should be unique so that components maintain their identity across updates. Non-unique keys may cause children to be duplicated and/or omitted — the behavior is unsupported and could change in a future version. FEATURE 1 @ webpack-internal:///(app-pages-browser)/../node_modules/.pnpm/next@16.1.7_@babel+core@7.2_afab9f0d18188aa4f323eb1cb6961aff/node_modules/next/dist/next-devtools/userspace/app/errors/intercept-console-error.js:51
[  288069ms] [ERROR] Encountered two children with the same key, `%s`. Keys should be unique so that components maintain their identity across updates. Non-unique keys may cause children to be duplicated and/or omitted — the behavior is unsupported and could change in a future version. FEATURE 1 @ webpack-internal:///(app-pages-browser)/../node_modules/.pnpm/next@16.1.7_@babel+core@7.2_afab9f0d18188aa4f323eb1cb6961aff/node_modules/next/dist/next-devtools/userspace/app/errors/intercept-console-error.js:51
[  288069ms] [ERROR] Encountered two children with the same key, `%s`. Keys should be unique so that components maintain their identity across updates. Non-unique keys may cause children to be duplicated and/or omitted — the behavior is unsupported and could change in a future version. FEATURE 1 @ webpack-internal:///(app-pages-browser)/../node_modules/.pnpm/next@16.1.7_@babel+core@7.2_afab9f0d18188aa4f323eb1cb6961aff/node_modules/next/dist/next-devtools/userspace/app/errors/intercept-console-error.js:51
[  288070ms] [ERROR] Encountered two children with the same key, `%s`. Keys should be unique so that components maintain their identity across updates. Non-unique keys may cause children to be duplicated and/or omitted — the behavior is unsupported and could change in a future version. FEATURE 1 @ webpack-internal:///(app-pages-browser)/../node_modules/.pnpm/next@16.1.7_@babel+core@7.2_afab9f0d18188aa4f323eb1cb6961aff/node_modules/next/dist/next-devtools/userspace/app/errors/intercept-console-error.js:51
[  288070ms] [ERROR] Encountered two children with the same key, `%s`. Keys should be unique so that components maintain their identity across updates. Non-unique keys may cause children to be duplicated and/or omitted — the behavior is unsupported and could change in a future version. FEATURE 1 @ webpack-internal:///(app-pages-browser)/../node_modules/.pnpm/next@16.1.7_@babel+core@7.2_afab9f0d18188aa4f323eb1cb6961aff/node_modules/next/dist/next-devtools/userspace/app/errors/intercept-console-error.js:51
[  291158ms] [WARNING] The resource http://localhost:3002/_next/static/chunks/_app-pages-browser_components_blocks_faqs_tsx.js was preloaded using link preload but not used within a few seconds from the window's load event. Please make sure it has an appropriate `as` value and it is preloaded intentionally. @ http://localhost:3002/:0
[  291158ms] [WARNING] The resource http://localhost:3002/_next/static/chunks/_app-pages-browser_components_blocks_seo_testimonials-block_tsx.js was preloaded using link preload but not used within a few seconds from the window's load event. Please make sure it has an appropriate `as` value and it is preloaded intentionally. @ http://localhost:3002/:0
[  291159ms] [WARNING] The resource http://localhost:3002/_next/static/chunks/_app-pages-browser_components_blocks_seo_company-info_tsx.js was preloaded using link preload but not used within a few seconds from the window's load event. Please make sure it has an appropriate `as` value and it is preloaded intentionally. @ http://localhost:3002/:0
[  291159ms] [WARNING] The resource http://localhost:3002/_next/static/chunks/_app-pages-browser_components_blocks_hero_hero-vercel_tsx.js was preloaded using link preload but not used within a few seconds from the window's load event. Please make sure it has an appropriate `as` value and it is preloaded intentionally. @ http://localhost:3002/:0
[  291159ms] [WARNING] The resource http://localhost:3002/_next/static/chunks/_app-pages-browser_components_blocks_seo_faq-block_tsx.js was preloaded using link preload but not used within a few seconds from the window's load event. Please make sure it has an appropriate `as` value and it is preloaded intentionally. @ http://localhost:3002/:0
[  291159ms] [WARNING] The resource http://localhost:3002/_next/static/chunks/_app-pages-browser_components_blocks_seo_pricing-block_tsx.js was preloaded using link preload but not used within a few seconds from the window's load event. Please make sure it has an appropriate `as` value and it is preloaded intentionally. @ http://localhost:3002/:0
[  291159ms] [WARNING] The resource http://localhost:3002/_next/static/chunks/_app-pages-browser_components_blocks_seo_problem-solution-block_tsx.js was preloaded using link preload but not used within a few seconds from the window's load event. Please make sure it has an appropriate `as` value and it is preloaded intentionally. @ http://localhost:3002/:0
[  291159ms] [WARNING] The resource http://localhost:3002/_next/static/chunks/_app-pages-browser_components_blocks_hero_hero-2_tsx.js was preloaded using link preload but not used within a few seconds from the window's load event. Please make sure it has an appropriate `as` value and it is preloaded intentionally. @ http://localhost:3002/:0
[  303837ms] [LOG] [Fast Refresh] rebuilding @ webpack-internal:///(app-pages-browser)/../node_modules/.pnpm/next@16.1.7_@babel+core@7.2_afab9f0d18188aa4f323eb1cb6961aff/node_modules/next/dist/next-devtools/shared/forward-logs-shared.js:27
[  307603ms] [LOG] [Fast Refresh] done in 3767ms @ webpack-internal:///(app-pages-browser)/../node_modules/.pnpm/next@16.1.7_@babel+core@7.2_afab9f0d18188aa4f323eb1cb6961aff/node_modules/next/dist/next-devtools/shared/forward-logs-shared.js:27
[  308998ms] [ERROR] Encountered two children with the same key, `%s`. Keys should be unique so that components maintain their identity across updates. Non-unique keys may cause children to be duplicated and/or omitted — the behavior is unsupported and could change in a future version. FEATURE 1 @ webpack-internal:///(app-pages-browser)/../node_modules/.pnpm/next@16.1.7_@babel+core@7.2_afab9f0d18188aa4f323eb1cb6961aff/node_modules/next/dist/next-devtools/userspace/app/errors/intercept-console-error.js:51
[  308999ms] [ERROR] Encountered two children with the same key, `%s`. Keys should be unique so that components maintain their identity across updates. Non-unique keys may cause children to be duplicated and/or omitted — the behavior is unsupported and could change in a future version. FEATURE 1 @ webpack-internal:///(app-pages-browser)/../node_modules/.pnpm/next@16.1.7_@babel+core@7.2_afab9f0d18188aa4f323eb1cb6961aff/node_modules/next/dist/next-devtools/userspace/app/errors/intercept-console-error.js:51
[  308999ms] [ERROR] Encountered two children with the same key, `%s`. Keys should be unique so that components maintain their identity across updates. Non-unique keys may cause children to be duplicated and/or omitted — the behavior is unsupported and could change in a future version. FEATURE 1 @ webpack-internal:///(app-pages-browser)/../node_modules/.pnpm/next@16.1.7_@babel+core@7.2_afab9f0d18188aa4f323eb1cb6961aff/node_modules/next/dist/next-devtools/userspace/app/errors/intercept-console-error.js:51
[  308999ms] [ERROR] Encountered two children with the same key, `%s`. Keys should be unique so that components maintain their identity across updates. Non-unique keys may cause children to be duplicated and/or omitted — the behavior is unsupported and could change in a future version. FEATURE 1 @ webpack-internal:///(app-pages-browser)/../node_modules/.pnpm/next@16.1.7_@babel+core@7.2_afab9f0d18188aa4f323eb1cb6961aff/node_modules/next/dist/next-devtools/userspace/app/errors/intercept-console-error.js:51
[  309003ms] [ERROR] Encountered two children with the same key, `%s`. Keys should be unique so that components maintain their identity across updates. Non-unique keys may cause children to be duplicated and/or omitted — the behavior is unsupported and could change in a future version. FEATURE 1 @ webpack-internal:///(app-pages-browser)/../node_modules/.pnpm/next@16.1.7_@babel+core@7.2_afab9f0d18188aa4f323eb1cb6961aff/node_modules/next/dist/next-devtools/userspace/app/errors/intercept-console-error.js:51
[  309003ms] [ERROR] Encountered two children with the same key, `%s`. Keys should be unique so that components maintain their identity across updates. Non-unique keys may cause children to be duplicated and/or omitted — the behavior is unsupported and could change in a future version. FEATURE 1 @ webpack-internal:///(app-pages-browser)/../node_modules/.pnpm/next@16.1.7_@babel+core@7.2_afab9f0d18188aa4f323eb1cb6961aff/node_modules/next/dist/next-devtools/userspace/app/errors/intercept-console-error.js:51
[  309003ms] [ERROR] Encountered two children with the same key, `%s`. Keys should be unique so that components maintain their identity across updates. Non-unique keys may cause children to be duplicated and/or omitted — the behavior is unsupported and could change in a future version. FEATURE 1 @ webpack-internal:///(app-pages-browser)/../node_modules/.pnpm/next@16.1.7_@babel+core@7.2_afab9f0d18188aa4f323eb1cb6961aff/node_modules/next/dist/next-devtools/userspace/app/errors/intercept-console-error.js:51
[  309003ms] [ERROR] Encountered two children with the same key, `%s`. Keys should be unique so that components maintain their identity across updates. Non-unique keys may cause children to be duplicated and/or omitted — the behavior is unsupported and could change in a future version. FEATURE 1 @ webpack-internal:///(app-pages-browser)/../node_modules/.pnpm/next@16.1.7_@babel+core@7.2_afab9f0d18188aa4f323eb1cb6961aff/node_modules/next/dist/next-devtools/userspace/app/errors/intercept-console-error.js:51
[  309005ms] [ERROR] Encountered two children with the same key, `%s`. Keys should be unique so that components maintain their identity across updates. Non-unique keys may cause children to be duplicated and/or omitted — the behavior is unsupported and could change in a future version. FEATURE 1 @ webpack-internal:///(app-pages-browser)/../node_modules/.pnpm/next@16.1.7_@babel+core@7.2_afab9f0d18188aa4f323eb1cb6961aff/node_modules/next/dist/next-devtools/userspace/app/errors/intercept-console-error.js:51
[  309005ms] [ERROR] Encountered two children with the same key, `%s`. Keys should be unique so that components maintain their identity across updates. Non-unique keys may cause children to be duplicated and/or omitted — the behavior is unsupported and could change in a future version. FEATURE 1 @ webpack-internal:///(app-pages-browser)/../node_modules/.pnpm/next@16.1.7_@babel+core@7.2_afab9f0d18188aa4f323eb1cb6961aff/node_modules/next/dist/next-devtools/userspace/app/errors/intercept-console-error.js:51
[  309005ms] [ERROR] Encountered two children with the same key, `%s`. Keys should be unique so that components maintain their identity across updates. Non-unique keys may cause children to be duplicated and/or omitted — the behavior is unsupported and could change in a future version. FEATURE 1 @ webpack-internal:///(app-pages-browser)/../node_modules/.pnpm/next@16.1.7_@babel+core@7.2_afab9f0d18188aa4f323eb1cb6961aff/node_modules/next/dist/next-devtools/userspace/app/errors/intercept-console-error.js:51
[  309005ms] [ERROR] Encountered two children with the same key, `%s`. Keys should be unique so that components maintain their identity across updates. Non-unique keys may cause children to be duplicated and/or omitted — the behavior is unsupported and could change in a future version. FEATURE 1 @ webpack-internal:///(app-pages-browser)/../node_modules/.pnpm/next@16.1.7_@babel+core@7.2_afab9f0d18188aa4f323eb1cb6961aff/node_modules/next/dist/next-devtools/userspace/app/errors/intercept-console-error.js:51
[  312139ms] [WARNING] The resource http://localhost:3002/_next/static/chunks/_app-pages-browser_components_blocks_faqs_tsx.js was preloaded using link preload but not used within a few seconds from the window's load event. Please make sure it has an appropriate `as` value and it is preloaded intentionally. @ http://localhost:3002/:0
[  312139ms] [WARNING] The resource http://localhost:3002/_next/static/chunks/_app-pages-browser_components_blocks_seo_testimonials-block_tsx.js was preloaded using link preload but not used within a few seconds from the window's load event. Please make sure it has an appropriate `as` value and it is preloaded intentionally. @ http://localhost:3002/:0
[  312139ms] [WARNING] The resource http://localhost:3002/_next/static/chunks/_app-pages-browser_components_blocks_seo_company-info_tsx.js was preloaded using link preload but not used within a few seconds from the window's load event. Please make sure it has an appropriate `as` value and it is preloaded intentionally. @ http://localhost:3002/:0
[  312139ms] [WARNING] The resource http://localhost:3002/_next/static/chunks/_app-pages-browser_components_blocks_hero_hero-vercel_tsx.js was preloaded using link preload but not used within a few seconds from the window's load event. Please make sure it has an appropriate `as` value and it is preloaded intentionally. @ http://localhost:3002/:0
[  312139ms] [WARNING] The resource http://localhost:3002/_next/static/chunks/_app-pages-browser_components_blocks_seo_faq-block_tsx.js was preloaded using link preload but not used within a few seconds from the window's load event. Please make sure it has an appropriate `as` value and it is preloaded intentionally. @ http://localhost:3002/:0
[  312139ms] [WARNING] The resource http://localhost:3002/_next/static/chunks/_app-pages-browser_components_blocks_seo_pricing-block_tsx.js was preloaded using link preload but not used within a few seconds from the window's load event. Please make sure it has an appropriate `as` value and it is preloaded intentionally. @ http://localhost:3002/:0
[  312139ms] [WARNING] The resource http://localhost:3002/_next/static/chunks/_app-pages-browser_components_blocks_seo_problem-solution-block_tsx.js was preloaded using link preload but not used within a few seconds from the window's load event. Please make sure it has an appropriate `as` value and it is preloaded intentionally. @ http://localhost:3002/:0
[  312139ms] [WARNING] The resource http://localhost:3002/_next/static/chunks/_app-pages-browser_components_blocks_hero_hero-2_tsx.js was preloaded using link preload but not used within a few seconds from the window's load event. Please make sure it has an appropriate `as` value and it is preloaded intentionally. @ http://localhost:3002/:0
[  569747ms] [LOG] [Fast Refresh] rebuilding @ webpack-internal:///(app-pages-browser)/../node_modules/.pnpm/next@16.1.7_@babel+core@7.2_afab9f0d18188aa4f323eb1cb6961aff/node_modules/next/dist/next-devtools/shared/forward-logs-shared.js:27
[  572538ms] [LOG] [Fast Refresh] done in 2791ms @ webpack-internal:///(app-pages-browser)/../node_modules/.pnpm/next@16.1.7_@babel+core@7.2_afab9f0d18188aa4f323eb1cb6961aff/node_modules/next/dist/next-devtools/shared/forward-logs-shared.js:27
[  574514ms] [ERROR] Encountered two children with the same key, `%s`. Keys should be unique so that components maintain their identity across updates. Non-unique keys may cause children to be duplicated and/or omitted — the behavior is unsupported and could change in a future version. FEATURE 1 @ webpack-internal:///(app-pages-browser)/../node_modules/.pnpm/next@16.1.7_@babel+core@7.2_afab9f0d18188aa4f323eb1cb6961aff/node_modules/next/dist/next-devtools/userspace/app/errors/intercept-console-error.js:51
[  574515ms] [ERROR] Encountered two children with the same key, `%s`. Keys should be unique so that components maintain their identity across updates. Non-unique keys may cause children to be duplicated and/or omitted — the behavior is unsupported and could change in a future version. FEATURE 1 @ webpack-internal:///(app-pages-browser)/../node_modules/.pnpm/next@16.1.7_@babel+core@7.2_afab9f0d18188aa4f323eb1cb6961aff/node_modules/next/dist/next-devtools/userspace/app/errors/intercept-console-error.js:51
[  574515ms] [ERROR] Encountered two children with the same key, `%s`. Keys should be unique so that components maintain their identity across updates. Non-unique keys may cause children to be duplicated and/or omitted — the behavior is unsupported and could change in a future version. FEATURE 1 @ webpack-internal:///(app-pages-browser)/../node_modules/.pnpm/next@16.1.7_@babel+core@7.2_afab9f0d18188aa4f323eb1cb6961aff/node_modules/next/dist/next-devtools/userspace/app/errors/intercept-console-error.js:51
[  574515ms] [ERROR] Encountered two children with the same key, `%s`. Keys should be unique so that components maintain their identity across updates. Non-unique keys may cause children to be duplicated and/or omitted — the behavior is unsupported and could change in a future version. FEATURE 1 @ webpack-internal:///(app-pages-browser)/../node_modules/.pnpm/next@16.1.7_@babel+core@7.2_afab9f0d18188aa4f323eb1cb6961aff/node_modules/next/dist/next-devtools/userspace/app/errors/intercept-console-error.js:51
[  574516ms] [ERROR] Encountered two children with the same key, `%s`. Keys should be unique so that components maintain their identity across updates. Non-unique keys may cause children to be duplicated and/or omitted — the behavior is unsupported and could change in a future version. FEATURE 1 @ webpack-internal:///(app-pages-browser)/../node_modules/.pnpm/next@16.1.7_@babel+core@7.2_afab9f0d18188aa4f323eb1cb6961aff/node_modules/next/dist/next-devtools/userspace/app/errors/intercept-console-error.js:51
[  574517ms] [ERROR] Encountered two children with the same key, `%s`. Keys should be unique so that components maintain their identity across updates. Non-unique keys may cause children to be duplicated and/or omitted — the behavior is unsupported and could change in a future version. FEATURE 1 @ webpack-internal:///(app-pages-browser)/../node_modules/.pnpm/next@16.1.7_@babel+core@7.2_afab9f0d18188aa4f323eb1cb6961aff/node_modules/next/dist/next-devtools/userspace/app/errors/intercept-console-error.js:51
[  574517ms] [ERROR] Encountered two children with the same key, `%s`. Keys should be unique so that components maintain their identity across updates. Non-unique keys may cause children to be duplicated and/or omitted — the behavior is unsupported and could change in a future version. FEATURE 1 @ webpack-internal:///(app-pages-browser)/../node_modules/.pnpm/next@16.1.7_@babel+core@7.2_afab9f0d18188aa4f323eb1cb6961aff/node_modules/next/dist/next-devtools/userspace/app/errors/intercept-console-error.js:51
[  574517ms] [ERROR] Encountered two children with the same key, `%s`. Keys should be unique so that components maintain their identity across updates. Non-unique keys may cause children to be duplicated and/or omitted — the behavior is unsupported and could change in a future version. FEATURE 1 @ webpack-internal:///(app-pages-browser)/../node_modules/.pnpm/next@16.1.7_@babel+core@7.2_afab9f0d18188aa4f323eb1cb6961aff/node_modules/next/dist/next-devtools/userspace/app/errors/intercept-console-error.js:51
[  574518ms] [ERROR] Encountered two children with the same key, `%s`. Keys should be unique so that components maintain their identity across updates. Non-unique keys may cause children to be duplicated and/or omitted — the behavior is unsupported and could change in a future version. FEATURE 1 @ webpack-internal:///(app-pages-browser)/../node_modules/.pnpm/next@16.1.7_@babel+core@7.2_afab9f0d18188aa4f323eb1cb6961aff/node_modules/next/dist/next-devtools/userspace/app/errors/intercept-console-error.js:51
[  574518ms] [ERROR] Encountered two children with the same key, `%s`. Keys should be unique so that components maintain their identity across updates. Non-unique keys may cause children to be duplicated and/or omitted — the behavior is unsupported and could change in a future version. FEATURE 1 @ webpack-internal:///(app-pages-browser)/../node_modules/.pnpm/next@16.1.7_@babel+core@7.2_afab9f0d18188aa4f323eb1cb6961aff/node_modules/next/dist/next-devtools/userspace/app/errors/intercept-console-error.js:51
[  574519ms] [ERROR] Encountered two children with the same key, `%s`. Keys should be unique so that components maintain their identity across updates. Non-unique keys may cause children to be duplicated and/or omitted — the behavior is unsupported and could change in a future version. FEATURE 1 @ webpack-internal:///(app-pages-browser)/../node_modules/.pnpm/next@16.1.7_@babel+core@7.2_afab9f0d18188aa4f323eb1cb6961aff/node_modules/next/dist/next-devtools/userspace/app/errors/intercept-console-error.js:51
[  574519ms] [ERROR] Encountered two children with the same key, `%s`. Keys should be unique so that components maintain their identity across updates. Non-unique keys may cause children to be duplicated and/or omitted — the behavior is unsupported and could change in a future version. FEATURE 1 @ webpack-internal:///(app-pages-browser)/../node_modules/.pnpm/next@16.1.7_@babel+core@7.2_afab9f0d18188aa4f323eb1cb6961aff/node_modules/next/dist/next-devtools/userspace/app/errors/intercept-console-error.js:51
[  577632ms] [WARNING] The resource http://localhost:3002/_next/static/chunks/_app-pages-browser_components_blocks_faqs_tsx.js was preloaded using link preload but not used within a few seconds from the window's load event. Please make sure it has an appropriate `as` value and it is preloaded intentionally. @ http://localhost:3002/:0
[  577632ms] [WARNING] The resource http://localhost:3002/_next/static/chunks/_app-pages-browser_components_blocks_seo_testimonials-block_tsx.js was preloaded using link preload but not used within a few seconds from the window's load event. Please make sure it has an appropriate `as` value and it is preloaded intentionally. @ http://localhost:3002/:0
[  577632ms] [WARNING] The resource http://localhost:3002/_next/static/chunks/_app-pages-browser_components_blocks_seo_company-info_tsx.js was preloaded using link preload but not used within a few seconds from the window's load event. Please make sure it has an appropriate `as` value and it is preloaded intentionally. @ http://localhost:3002/:0
[  577633ms] [WARNING] The resource http://localhost:3002/_next/static/chunks/_app-pages-browser_components_blocks_hero_hero-vercel_tsx.js was preloaded using link preload but not used within a few seconds from the window's load event. Please make sure it has an appropriate `as` value and it is preloaded intentionally. @ http://localhost:3002/:0
[  577633ms] [WARNING] The resource http://localhost:3002/_next/static/chunks/_app-pages-browser_components_blocks_seo_faq-block_tsx.js was preloaded using link preload but not used within a few seconds from the window's load event. Please make sure it has an appropriate `as` value and it is preloaded intentionally. @ http://localhost:3002/:0
[  577633ms] [WARNING] The resource http://localhost:3002/_next/static/chunks/_app-pages-browser_components_blocks_seo_pricing-block_tsx.js was preloaded using link preload but not used within a few seconds from the window's load event. Please make sure it has an appropriate `as` value and it is preloaded intentionally. @ http://localhost:3002/:0
[  577633ms] [WARNING] The resource http://localhost:3002/_next/static/chunks/_app-pages-browser_components_blocks_seo_problem-solution-block_tsx.js was preloaded using link preload but not used within a few seconds from the window's load event. Please make sure it has an appropriate `as` value and it is preloaded intentionally. @ http://localhost:3002/:0
[  577633ms] [WARNING] The resource http://localhost:3002/_next/static/chunks/_app-pages-browser_components_blocks_hero_hero-2_tsx.js was preloaded using link preload but not used within a few seconds from the window's load event. Please make sure it has an appropriate `as` value and it is preloaded intentionally. @ http://localhost:3002/:0
[  599727ms] [LOG] [Fast Refresh] rebuilding @ webpack-internal:///(app-pages-browser)/../node_modules/.pnpm/next@16.1.7_@babel+core@7.2_afab9f0d18188aa4f323eb1cb6961aff/node_modules/next/dist/next-devtools/shared/forward-logs-shared.js:27
[  600986ms] [LOG] [Fast Refresh] done in 1259ms @ webpack-internal:///(app-pages-browser)/../node_modules/.pnpm/next@16.1.7_@babel+core@7.2_afab9f0d18188aa4f323eb1cb6961aff/node_modules/next/dist/next-devtools/shared/forward-logs-shared.js:27
[  601335ms] [LOG] [Fast Refresh] rebuilding @ webpack-internal:///(app-pages-browser)/../node_modules/.pnpm/next@16.1.7_@babel+core@7.2_afab9f0d18188aa4f323eb1cb6961aff/node_modules/next/dist/next-devtools/shared/forward-logs-shared.js:27
[  602262ms] [LOG] [Fast Refresh] done in 927ms @ webpack-internal:///(app-pages-browser)/../node_modules/.pnpm/next@16.1.7_@babel+core@7.2_afab9f0d18188aa4f323eb1cb6961aff/node_modules/next/dist/next-devtools/shared/forward-logs-shared.js:27
[  604126ms] [ERROR] Encountered two children with the same key, `%s`. Keys should be unique so that components maintain their identity across updates. Non-unique keys may cause children to be duplicated and/or omitted — the behavior is unsupported and could change in a future version. FEATURE 1 @ webpack-internal:///(app-pages-browser)/../node_modules/.pnpm/next@16.1.7_@babel+core@7.2_afab9f0d18188aa4f323eb1cb6961aff/node_modules/next/dist/next-devtools/userspace/app/errors/intercept-console-error.js:51
[  604126ms] [ERROR] Encountered two children with the same key, `%s`. Keys should be unique so that components maintain their identity across updates. Non-unique keys may cause children to be duplicated and/or omitted — the behavior is unsupported and could change in a future version. FEATURE 1 @ webpack-internal:///(app-pages-browser)/../node_modules/.pnpm/next@16.1.7_@babel+core@7.2_afab9f0d18188aa4f323eb1cb6961aff/node_modules/next/dist/next-devtools/userspace/app/errors/intercept-console-error.js:51
[  604126ms] [ERROR] Encountered two children with the same key, `%s`. Keys should be unique so that components maintain their identity across updates. Non-unique keys may cause children to be duplicated and/or omitted — the behavior is unsupported and could change in a future version. FEATURE 1 @ webpack-internal:///(app-pages-browser)/../node_modules/.pnpm/next@16.1.7_@babel+core@7.2_afab9f0d18188aa4f323eb1cb6961aff/node_modules/next/dist/next-devtools/userspace/app/errors/intercept-console-error.js:51
[  604127ms] [ERROR] Encountered two children with the same key, `%s`. Keys should be unique so that components maintain their identity across updates. Non-unique keys may cause children to be duplicated and/or omitted — the behavior is unsupported and could change in a future version. FEATURE 1 @ webpack-internal:///(app-pages-browser)/../node_modules/.pnpm/next@16.1.7_@babel+core@7.2_afab9f0d18188aa4f323eb1cb6961aff/node_modules/next/dist/next-devtools/userspace/app/errors/intercept-console-error.js:51
[  604130ms] [ERROR] Encountered two children with the same key, `%s`. Keys should be unique so that components maintain their identity across updates. Non-unique keys may cause children to be duplicated and/or omitted — the behavior is unsupported and could change in a future version. FEATURE 1 @ webpack-internal:///(app-pages-browser)/../node_modules/.pnpm/next@16.1.7_@babel+core@7.2_afab9f0d18188aa4f323eb1cb6961aff/node_modules/next/dist/next-devtools/userspace/app/errors/intercept-console-error.js:51
[  604130ms] [ERROR] Encountered two children with the same key, `%s`. Keys should be unique so that components maintain their identity across updates. Non-unique keys may cause children to be duplicated and/or omitted — the behavior is unsupported and could change in a future version. FEATURE 1 @ webpack-internal:///(app-pages-browser)/../node_modules/.pnpm/next@16.1.7_@babel+core@7.2_afab9f0d18188aa4f323eb1cb6961aff/node_modules/next/dist/next-devtools/userspace/app/errors/intercept-console-error.js:51
[  604130ms] [ERROR] Encountered two children with the same key, `%s`. Keys should be unique so that components maintain their identity across updates. Non-unique keys may cause children to be duplicated and/or omitted — the behavior is unsupported and could change in a future version. FEATURE 1 @ webpack-internal:///(app-pages-browser)/../node_modules/.pnpm/next@16.1.7_@babel+core@7.2_afab9f0d18188aa4f323eb1cb6961aff/node_modules/next/dist/next-devtools/userspace/app/errors/intercept-console-error.js:51
[  604131ms] [ERROR] Encountered two children with the same key, `%s`. Keys should be unique so that components maintain their identity across updates. Non-unique keys may cause children to be duplicated and/or omitted — the behavior is unsupported and could change in a future version. FEATURE 1 @ webpack-internal:///(app-pages-browser)/../node_modules/.pnpm/next@16.1.7_@babel+core@7.2_afab9f0d18188aa4f323eb1cb6961aff/node_modules/next/dist/next-devtools/userspace/app/errors/intercept-console-error.js:51
[  604132ms] [ERROR] Encountered two children with the same key, `%s`. Keys should be unique so that components maintain their identity across updates. Non-unique keys may cause children to be duplicated and/or omitted — the behavior is unsupported and could change in a future version. FEATURE 1 @ webpack-internal:///(app-pages-browser)/../node_modules/.pnpm/next@16.1.7_@babel+core@7.2_afab9f0d18188aa4f323eb1cb6961aff/node_modules/next/dist/next-devtools/userspace/app/errors/intercept-console-error.js:51
[  604132ms] [ERROR] Encountered two children with the same key, `%s`. Keys should be unique so that components maintain their identity across updates. Non-unique keys may cause children to be duplicated and/or omitted — the behavior is unsupported and could change in a future version. FEATURE 1 @ webpack-internal:///(app-pages-browser)/../node_modules/.pnpm/next@16.1.7_@babel+core@7.2_afab9f0d18188aa4f323eb1cb6961aff/node_modules/next/dist/next-devtools/userspace/app/errors/intercept-console-error.js:51
[  604132ms] [ERROR] Encountered two children with the same key, `%s`. Keys should be unique so that components maintain their identity across updates. Non-unique keys may cause children to be duplicated and/or omitted — the behavior is unsupported and could change in a future version. FEATURE 1 @ webpack-internal:///(app-pages-browser)/../node_modules/.pnpm/next@16.1.7_@babel+core@7.2_afab9f0d18188aa4f323eb1cb6961aff/node_modules/next/dist/next-devtools/userspace/app/errors/intercept-console-error.js:51
[  604133ms] [ERROR] Encountered two children with the same key, `%s`. Keys should be unique so that components maintain their identity across updates. Non-unique keys may cause children to be duplicated and/or omitted — the behavior is unsupported and could change in a future version. FEATURE 1 @ webpack-internal:///(app-pages-browser)/../node_modules/.pnpm/next@16.1.7_@babel+core@7.2_afab9f0d18188aa4f323eb1cb6961aff/node_modules/next/dist/next-devtools/userspace/app/errors/intercept-console-error.js:51
[  607205ms] [WARNING] The resource http://localhost:3002/_next/static/chunks/_app-pages-browser_components_blocks_faqs_tsx.js was preloaded using link preload but not used within a few seconds from the window's load event. Please make sure it has an appropriate `as` value and it is preloaded intentionally. @ http://localhost:3002/:0
[  607205ms] [WARNING] The resource http://localhost:3002/_next/static/chunks/_app-pages-browser_components_blocks_seo_testimonials-block_tsx.js was preloaded using link preload but not used within a few seconds from the window's load event. Please make sure it has an appropriate `as` value and it is preloaded intentionally. @ http://localhost:3002/:0
[  607205ms] [WARNING] The resource http://localhost:3002/_next/static/chunks/_app-pages-browser_components_blocks_seo_company-info_tsx.js was preloaded using link preload but not used within a few seconds from the window's load event. Please make sure it has an appropriate `as` value and it is preloaded intentionally. @ http://localhost:3002/:0
[  607205ms] [WARNING] The resource http://localhost:3002/_next/static/chunks/_app-pages-browser_components_blocks_hero_hero-vercel_tsx.js was preloaded using link preload but not used within a few seconds from the window's load event. Please make sure it has an appropriate `as` value and it is preloaded intentionally. @ http://localhost:3002/:0
[  607205ms] [WARNING] The resource http://localhost:3002/_next/static/chunks/_app-pages-browser_components_blocks_seo_faq-block_tsx.js was preloaded using link preload but not used within a few seconds from the window's load event. Please make sure it has an appropriate `as` value and it is preloaded intentionally. @ http://localhost:3002/:0
[  607205ms] [WARNING] The resource http://localhost:3002/_next/static/chunks/_app-pages-browser_components_blocks_seo_pricing-block_tsx.js was preloaded using link preload but not used within a few seconds from the window's load event. Please make sure it has an appropriate `as` value and it is preloaded intentionally. @ http://localhost:3002/:0
[  607205ms] [WARNING] The resource http://localhost:3002/_next/static/chunks/_app-pages-browser_components_blocks_seo_problem-solution-block_tsx.js was preloaded using link preload but not used within a few seconds from the window's load event. Please make sure it has an appropriate `as` value and it is preloaded intentionally. @ http://localhost:3002/:0
[  607205ms] [WARNING] The resource http://localhost:3002/_next/static/chunks/_app-pages-browser_components_blocks_hero_hero-2_tsx.js was preloaded using link preload but not used within a few seconds from the window's load event. Please make sure it has an appropriate `as` value and it is preloaded intentionally. @ http://localhost:3002/:0
[  632293ms] [LOG] [Fast Refresh] rebuilding @ webpack-internal:///(app-pages-browser)/../node_modules/.pnpm/next@16.1.7_@babel+core@7.2_afab9f0d18188aa4f323eb1cb6961aff/node_modules/next/dist/next-devtools/shared/forward-logs-shared.js:27
[  633905ms] [LOG] [Fast Refresh] done in 1612ms @ webpack-internal:///(app-pages-browser)/../node_modules/.pnpm/next@16.1.7_@babel+core@7.2_afab9f0d18188aa4f323eb1cb6961aff/node_modules/next/dist/next-devtools/shared/forward-logs-shared.js:27
[  636014ms] [ERROR] Encountered two children with the same key, `%s`. Keys should be unique so that components maintain their identity across updates. Non-unique keys may cause children to be duplicated and/or omitted — the behavior is unsupported and could change in a future version. FEATURE 1 @ webpack-internal:///(app-pages-browser)/../node_modules/.pnpm/next@16.1.7_@babel+core@7.2_afab9f0d18188aa4f323eb1cb6961aff/node_modules/next/dist/next-devtools/userspace/app/errors/intercept-console-error.js:51
[  636015ms] [ERROR] Encountered two children with the same key, `%s`. Keys should be unique so that components maintain their identity across updates. Non-unique keys may cause children to be duplicated and/or omitted — the behavior is unsupported and could change in a future version. FEATURE 1 @ webpack-internal:///(app-pages-browser)/../node_modules/.pnpm/next@16.1.7_@babel+core@7.2_afab9f0d18188aa4f323eb1cb6961aff/node_modules/next/dist/next-devtools/userspace/app/errors/intercept-console-error.js:51
[  636015ms] [ERROR] Encountered two children with the same key, `%s`. Keys should be unique so that components maintain their identity across updates. Non-unique keys may cause children to be duplicated and/or omitted — the behavior is unsupported and could change in a future version. FEATURE 1 @ webpack-internal:///(app-pages-browser)/../node_modules/.pnpm/next@16.1.7_@babel+core@7.2_afab9f0d18188aa4f323eb1cb6961aff/node_modules/next/dist/next-devtools/userspace/app/errors/intercept-console-error.js:51
[  636015ms] [ERROR] Encountered two children with the same key, `%s`. Keys should be unique so that components maintain their identity across updates. Non-unique keys may cause children to be duplicated and/or omitted — the behavior is unsupported and could change in a future version. FEATURE 1 @ webpack-internal:///(app-pages-browser)/../node_modules/.pnpm/next@16.1.7_@babel+core@7.2_afab9f0d18188aa4f323eb1cb6961aff/node_modules/next/dist/next-devtools/userspace/app/errors/intercept-console-error.js:51
[  636016ms] [ERROR] Encountered two children with the same key, `%s`. Keys should be unique so that components maintain their identity across updates. Non-unique keys may cause children to be duplicated and/or omitted — the behavior is unsupported and could change in a future version. FEATURE 1 @ webpack-internal:///(app-pages-browser)/../node_modules/.pnpm/next@16.1.7_@babel+core@7.2_afab9f0d18188aa4f323eb1cb6961aff/node_modules/next/dist/next-devtools/userspace/app/errors/intercept-console-error.js:51
[  636016ms] [ERROR] Encountered two children with the same key, `%s`. Keys should be unique so that components maintain their identity across updates. Non-unique keys may cause children to be duplicated and/or omitted — the behavior is unsupported and could change in a future version. FEATURE 1 @ webpack-internal:///(app-pages-browser)/../node_modules/.pnpm/next@16.1.7_@babel+core@7.2_afab9f0d18188aa4f323eb1cb6961aff/node_modules/next/dist/next-devtools/userspace/app/errors/intercept-console-error.js:51
[  636016ms] [ERROR] Encountered two children with the same key, `%s`. Keys should be unique so that components maintain their identity across updates. Non-unique keys may cause children to be duplicated and/or omitted — the behavior is unsupported and could change in a future version. FEATURE 1 @ webpack-internal:///(app-pages-browser)/../node_modules/.pnpm/next@16.1.7_@babel+core@7.2_afab9f0d18188aa4f323eb1cb6961aff/node_modules/next/dist/next-devtools/userspace/app/errors/intercept-console-error.js:51
[  636017ms] [ERROR] Encountered two children with the same key, `%s`. Keys should be unique so that components maintain their identity across updates. Non-unique keys may cause children to be duplicated and/or omitted — the behavior is unsupported and could change in a future version. FEATURE 1 @ webpack-internal:///(app-pages-browser)/../node_modules/.pnpm/next@16.1.7_@babel+core@7.2_afab9f0d18188aa4f323eb1cb6961aff/node_modules/next/dist/next-devtools/userspace/app/errors/intercept-console-error.js:51
[  636022ms] [ERROR] Encountered two children with the same key, `%s`. Keys should be unique so that components maintain their identity across updates. Non-unique keys may cause children to be duplicated and/or omitted — the behavior is unsupported and could change in a future version. FEATURE 1 @ webpack-internal:///(app-pages-browser)/../node_modules/.pnpm/next@16.1.7_@babel+core@7.2_afab9f0d18188aa4f323eb1cb6961aff/node_modules/next/dist/next-devtools/userspace/app/errors/intercept-console-error.js:51
[  636022ms] [ERROR] Encountered two children with the same key, `%s`. Keys should be unique so that components maintain their identity across updates. Non-unique keys may cause children to be duplicated and/or omitted — the behavior is unsupported and could change in a future version. FEATURE 1 @ webpack-internal:///(app-pages-browser)/../node_modules/.pnpm/next@16.1.7_@babel+core@7.2_afab9f0d18188aa4f323eb1cb6961aff/node_modules/next/dist/next-devtools/userspace/app/errors/intercept-console-error.js:51
[  636023ms] [ERROR] Encountered two children with the same key, `%s`. Keys should be unique so that components maintain their identity across updates. Non-unique keys may cause children to be duplicated and/or omitted — the behavior is unsupported and could change in a future version. FEATURE 1 @ webpack-internal:///(app-pages-browser)/../node_modules/.pnpm/next@16.1.7_@babel+core@7.2_afab9f0d18188aa4f323eb1cb6961aff/node_modules/next/dist/next-devtools/userspace/app/errors/intercept-console-error.js:51
[  636023ms] [ERROR] Encountered two children with the same key, `%s`. Keys should be unique so that components maintain their identity across updates. Non-unique keys may cause children to be duplicated and/or omitted — the behavior is unsupported and could change in a future version. FEATURE 1 @ webpack-internal:///(app-pages-browser)/../node_modules/.pnpm/next@16.1.7_@babel+core@7.2_afab9f0d18188aa4f323eb1cb6961aff/node_modules/next/dist/next-devtools/userspace/app/errors/intercept-console-error.js:51
[  639106ms] [WARNING] The resource http://localhost:3002/_next/static/chunks/_app-pages-browser_components_blocks_faqs_tsx.js was preloaded using link preload but not used within a few seconds from the window's load event. Please make sure it has an appropriate `as` value and it is preloaded intentionally. @ http://localhost:3002/:0
[  639106ms] [WARNING] The resource http://localhost:3002/_next/static/chunks/_app-pages-browser_components_blocks_seo_testimonials-block_tsx.js was preloaded using link preload but not used within a few seconds from the window's load event. Please make sure it has an appropriate `as` value and it is preloaded intentionally. @ http://localhost:3002/:0
[  639106ms] [WARNING] The resource http://localhost:3002/_next/static/chunks/_app-pages-browser_components_blocks_seo_company-info_tsx.js was preloaded using link preload but not used within a few seconds from the window's load event. Please make sure it has an appropriate `as` value and it is preloaded intentionally. @ http://localhost:3002/:0
[  639106ms] [WARNING] The resource http://localhost:3002/_next/static/chunks/_app-pages-browser_components_blocks_hero_hero-vercel_tsx.js was preloaded using link preload but not used within a few seconds from the window's load event. Please make sure it has an appropriate `as` value and it is preloaded intentionally. @ http://localhost:3002/:0
[  639107ms] [WARNING] The resource http://localhost:3002/_next/static/chunks/_app-pages-browser_components_blocks_seo_faq-block_tsx.js was preloaded using link preload but not used within a few seconds from the window's load event. Please make sure it has an appropriate `as` value and it is preloaded intentionally. @ http://localhost:3002/:0
[  639107ms] [WARNING] The resource http://localhost:3002/_next/static/chunks/_app-pages-browser_components_blocks_seo_pricing-block_tsx.js was preloaded using link preload but not used within a few seconds from the window's load event. Please make sure it has an appropriate `as` value and it is preloaded intentionally. @ http://localhost:3002/:0
[  639107ms] [WARNING] The resource http://localhost:3002/_next/static/chunks/_app-pages-browser_components_blocks_seo_problem-solution-block_tsx.js was preloaded using link preload but not used within a few seconds from the window's load event. Please make sure it has an appropriate `as` value and it is preloaded intentionally. @ http://localhost:3002/:0
[  639107ms] [WARNING] The resource http://localhost:3002/_next/static/chunks/_app-pages-browser_components_blocks_hero_hero-2_tsx.js was preloaded using link preload but not used within a few seconds from the window's load event. Please make sure it has an appropriate `as` value and it is preloaded intentionally. @ http://localhost:3002/:0
[ 1116672ms] [WARNING] The resource http://localhost:3002/_next/static/chunks/_app-pages-browser_components_blocks_faqs_tsx.js was preloaded using link preload but not used within a few seconds from the window's load event. Please make sure it has an appropriate `as` value and it is preloaded intentionally. @ http://localhost:3002/:0
[ 1116672ms] [WARNING] The resource http://localhost:3002/_next/static/chunks/_app-pages-browser_components_blocks_seo_testimonials-block_tsx.js was preloaded using link preload but not used within a few seconds from the window's load event. Please make sure it has an appropriate `as` value and it is preloaded intentionally. @ http://localhost:3002/:0
[ 1116672ms] [WARNING] The resource http://localhost:3002/_next/static/chunks/_app-pages-browser_components_blocks_seo_company-info_tsx.js was preloaded using link preload but not used within a few seconds from the window's load event. Please make sure it has an appropriate `as` value and it is preloaded intentionally. @ http://localhost:3002/:0
[ 1116672ms] [WARNING] The resource http://localhost:3002/_next/static/chunks/_app-pages-browser_components_blocks_hero_hero-vercel_tsx.js was preloaded using link preload but not used within a few seconds from the window's load event. Please make sure it has an appropriate `as` value and it is preloaded intentionally. @ http://localhost:3002/:0
[ 1116672ms] [WARNING] The resource http://localhost:3002/_next/static/chunks/_app-pages-browser_components_blocks_seo_faq-block_tsx.js was preloaded using link preload but not used within a few seconds from the window's load event. Please make sure it has an appropriate `as` value and it is preloaded intentionally. @ http://localhost:3002/:0
[ 1116672ms] [WARNING] The resource http://localhost:3002/_next/static/chunks/_app-pages-browser_components_blocks_seo_pricing-block_tsx.js was preloaded using link preload but not used within a few seconds from the window's load event. Please make sure it has an appropriate `as` value and it is preloaded intentionally. @ http://localhost:3002/:0
[ 1116672ms] [WARNING] The resource http://localhost:3002/_next/static/chunks/_app-pages-browser_components_blocks_seo_problem-solution-block_tsx.js was preloaded using link preload but not used within a few seconds from the window's load event. Please make sure it has an appropriate `as` value and it is preloaded intentionally. @ http://localhost:3002/:0
[ 1116672ms] [WARNING] The resource http://localhost:3002/_next/static/chunks/_app-pages-browser_components_blocks_hero_hero-2_tsx.js was preloaded using link preload but not used within a few seconds from the window's load event. Please make sure it has an appropriate `as` value and it is preloaded intentionally. @ http://localhost:3002/:0
[ 1123010ms] [WARNING] The resource http://localhost:3002/_next/static/chunks/_app-pages-browser_components_blocks_faqs_tsx.js was preloaded using link preload but not used within a few seconds from the window's load event. Please make sure it has an appropriate `as` value and it is preloaded intentionally. @ http://localhost:3002/:0
[ 1123010ms] [WARNING] The resource http://localhost:3002/_next/static/chunks/_app-pages-browser_components_blocks_seo_testimonials-block_tsx.js was preloaded using link preload but not used within a few seconds from the window's load event. Please make sure it has an appropriate `as` value and it is preloaded intentionally. @ http://localhost:3002/:0
[ 1123011ms] [WARNING] The resource http://localhost:3002/_next/static/chunks/_app-pages-browser_components_blocks_seo_company-info_tsx.js was preloaded using link preload but not used within a few seconds from the window's load event. Please make sure it has an appropriate `as` value and it is preloaded intentionally. @ http://localhost:3002/:0
[ 1123011ms] [WARNING] The resource http://localhost:3002/_next/static/chunks/_app-pages-browser_components_blocks_hero_hero-vercel_tsx.js was preloaded using link preload but not used within a few seconds from the window's load event. Please make sure it has an appropriate `as` value and it is preloaded intentionally. @ http://localhost:3002/:0
[ 1123011ms] [WARNING] The resource http://localhost:3002/_next/static/chunks/_app-pages-browser_components_blocks_seo_faq-block_tsx.js was preloaded using link preload but not used within a few seconds from the window's load event. Please make sure it has an appropriate `as` value and it is preloaded intentionally. @ http://localhost:3002/:0
[ 1123011ms] [WARNING] The resource http://localhost:3002/_next/static/chunks/_app-pages-browser_components_blocks_seo_pricing-block_tsx.js was preloaded using link preload but not used within a few seconds from the window's load event. Please make sure it has an appropriate `as` value and it is preloaded intentionally. @ http://localhost:3002/:0
[ 1123011ms] [WARNING] The resource http://localhost:3002/_next/static/chunks/_app-pages-browser_components_blocks_seo_problem-solution-block_tsx.js was preloaded using link preload but not used within a few seconds from the window's load event. Please make sure it has an appropriate `as` value and it is preloaded intentionally. @ http://localhost:3002/:0
[ 1123011ms] [WARNING] The resource http://localhost:3002/_next/static/chunks/_app-pages-browser_components_blocks_hero_hero-2_tsx.js was preloaded using link preload but not used within a few seconds from the window's load event. Please make sure it has an appropriate `as` value and it is preloaded intentionally. @ http://localhost:3002/:0
[ 1147123ms] [LOG] [Fast Refresh] rebuilding @ webpack-internal:///(app-pages-browser)/../node_modules/.pnpm/next@16.1.7_@babel+core@7.2_afab9f0d18188aa4f323eb1cb6961aff/node_modules/next/dist/next-devtools/shared/forward-logs-shared.js:27
[ 1149994ms] [LOG] [Fast Refresh] done in 2872ms @ webpack-internal:///(app-pages-browser)/../node_modules/.pnpm/next@16.1.7_@babel+core@7.2_afab9f0d18188aa4f323eb1cb6961aff/node_modules/next/dist/next-devtools/shared/forward-logs-shared.js:27
[ 1151345ms] [ERROR] Encountered two children with the same key, `%s`. Keys should be unique so that components maintain their identity across updates. Non-unique keys may cause children to be duplicated and/or omitted — the behavior is unsupported and could change in a future version. FEATURE 1 @ webpack-internal:///(app-pages-browser)/../node_modules/.pnpm/next@16.1.7_@babel+core@7.2_afab9f0d18188aa4f323eb1cb6961aff/node_modules/next/dist/next-devtools/userspace/app/errors/intercept-console-error.js:51
[ 1151345ms] [ERROR] Encountered two children with the same key, `%s`. Keys should be unique so that components maintain their identity across updates. Non-unique keys may cause children to be duplicated and/or omitted — the behavior is unsupported and could change in a future version. FEATURE 1 @ webpack-internal:///(app-pages-browser)/../node_modules/.pnpm/next@16.1.7_@babel+core@7.2_afab9f0d18188aa4f323eb1cb6961aff/node_modules/next/dist/next-devtools/userspace/app/errors/intercept-console-error.js:51
[ 1151345ms] [ERROR] Encountered two children with the same key, `%s`. Keys should be unique so that components maintain their identity across updates. Non-unique keys may cause children to be duplicated and/or omitted — the behavior is unsupported and could change in a future version. FEATURE 1 @ webpack-internal:///(app-pages-browser)/../node_modules/.pnpm/next@16.1.7_@babel+core@7.2_afab9f0d18188aa4f323eb1cb6961aff/node_modules/next/dist/next-devtools/userspace/app/errors/intercept-console-error.js:51
[ 1151346ms] [ERROR] Encountered two children with the same key, `%s`. Keys should be unique so that components maintain their identity across updates. Non-unique keys may cause children to be duplicated and/or omitted — the behavior is unsupported and could change in a future version. FEATURE 1 @ webpack-internal:///(app-pages-browser)/../node_modules/.pnpm/next@16.1.7_@babel+core@7.2_afab9f0d18188aa4f323eb1cb6961aff/node_modules/next/dist/next-devtools/userspace/app/errors/intercept-console-error.js:51
[ 1151347ms] [ERROR] Encountered two children with the same key, `%s`. Keys should be unique so that components maintain their identity across updates. Non-unique keys may cause children to be duplicated and/or omitted — the behavior is unsupported and could change in a future version. FEATURE 1 @ webpack-internal:///(app-pages-browser)/../node_modules/.pnpm/next@16.1.7_@babel+core@7.2_afab9f0d18188aa4f323eb1cb6961aff/node_modules/next/dist/next-devtools/userspace/app/errors/intercept-console-error.js:51
[ 1151347ms] [ERROR] Encountered two children with the same key, `%s`. Keys should be unique so that components maintain their identity across updates. Non-unique keys may cause children to be duplicated and/or omitted — the behavior is unsupported and could change in a future version. FEATURE 1 @ webpack-internal:///(app-pages-browser)/../node_modules/.pnpm/next@16.1.7_@babel+core@7.2_afab9f0d18188aa4f323eb1cb6961aff/node_modules/next/dist/next-devtools/userspace/app/errors/intercept-console-error.js:51
[ 1151348ms] [ERROR] Encountered two children with the same key, `%s`. Keys should be unique so that components maintain their identity across updates. Non-unique keys may cause children to be duplicated and/or omitted — the behavior is unsupported and could change in a future version. FEATURE 1 @ webpack-internal:///(app-pages-browser)/../node_modules/.pnpm/next@16.1.7_@babel+core@7.2_afab9f0d18188aa4f323eb1cb6961aff/node_modules/next/dist/next-devtools/userspace/app/errors/intercept-console-error.js:51
[ 1151348ms] [ERROR] Encountered two children with the same key, `%s`. Keys should be unique so that components maintain their identity across updates. Non-unique keys may cause children to be duplicated and/or omitted — the behavior is unsupported and could change in a future version. FEATURE 1 @ webpack-internal:///(app-pages-browser)/../node_modules/.pnpm/next@16.1.7_@babel+core@7.2_afab9f0d18188aa4f323eb1cb6961aff/node_modules/next/dist/next-devtools/userspace/app/errors/intercept-console-error.js:51
[ 1151354ms] [ERROR] Encountered two children with the same key, `%s`. Keys should be unique so that components maintain their identity across updates. Non-unique keys may cause children to be duplicated and/or omitted — the behavior is unsupported and could change in a future version. FEATURE 1 @ webpack-internal:///(app-pages-browser)/../node_modules/.pnpm/next@16.1.7_@babel+core@7.2_afab9f0d18188aa4f323eb1cb6961aff/node_modules/next/dist/next-devtools/userspace/app/errors/intercept-console-error.js:51
[ 1151354ms] [ERROR] Encountered two children with the same key, `%s`. Keys should be unique so that components maintain their identity across updates. Non-unique keys may cause children to be duplicated and/or omitted — the behavior is unsupported and could change in a future version. FEATURE 1 @ webpack-internal:///(app-pages-browser)/../node_modules/.pnpm/next@16.1.7_@babel+core@7.2_afab9f0d18188aa4f323eb1cb6961aff/node_modules/next/dist/next-devtools/userspace/app/errors/intercept-console-error.js:51
[ 1151354ms] [ERROR] Encountered two children with the same key, `%s`. Keys should be unique so that components maintain their identity across updates. Non-unique keys may cause children to be duplicated and/or omitted — the behavior is unsupported and could change in a future version. FEATURE 1 @ webpack-internal:///(app-pages-browser)/../node_modules/.pnpm/next@16.1.7_@babel+core@7.2_afab9f0d18188aa4f323eb1cb6961aff/node_modules/next/dist/next-devtools/userspace/app/errors/intercept-console-error.js:51
[ 1151354ms] [ERROR] Encountered two children with the same key, `%s`. Keys should be unique so that components maintain their identity across updates. Non-unique keys may cause children to be duplicated and/or omitted — the behavior is unsupported and could change in a future version. FEATURE 1 @ webpack-internal:///(app-pages-browser)/../node_modules/.pnpm/next@16.1.7_@babel+core@7.2_afab9f0d18188aa4f323eb1cb6961aff/node_modules/next/dist/next-devtools/userspace/app/errors/intercept-console-error.js:51
[ 1154472ms] [WARNING] The resource http://localhost:3002/_next/static/chunks/_app-pages-browser_components_blocks_faqs_tsx.js was preloaded using link preload but not used within a few seconds from the window's load event. Please make sure it has an appropriate `as` value and it is preloaded intentionally. @ http://localhost:3002/:0
[ 1154473ms] [WARNING] The resource http://localhost:3002/_next/static/chunks/_app-pages-browser_components_blocks_seo_testimonials-block_tsx.js was preloaded using link preload but not used within a few seconds from the window's load event. Please make sure it has an appropriate `as` value and it is preloaded intentionally. @ http://localhost:3002/:0
[ 1154473ms] [WARNING] The resource http://localhost:3002/_next/static/chunks/_app-pages-browser_components_blocks_seo_company-info_tsx.js was preloaded using link preload but not used within a few seconds from the window's load event. Please make sure it has an appropriate `as` value and it is preloaded intentionally. @ http://localhost:3002/:0
[ 1154473ms] [WARNING] The resource http://localhost:3002/_next/static/chunks/_app-pages-browser_components_blocks_hero_hero-vercel_tsx.js was preloaded using link preload but not used within a few seconds from the window's load event. Please make sure it has an appropriate `as` value and it is preloaded intentionally. @ http://localhost:3002/:0
[ 1154473ms] [WARNING] The resource http://localhost:3002/_next/static/chunks/_app-pages-browser_components_blocks_seo_faq-block_tsx.js was preloaded using link preload but not used within a few seconds from the window's load event. Please make sure it has an appropriate `as` value and it is preloaded intentionally. @ http://localhost:3002/:0
[ 1154473ms] [WARNING] The resource http://localhost:3002/_next/static/chunks/_app-pages-browser_components_blocks_seo_pricing-block_tsx.js was preloaded using link preload but not used within a few seconds from the window's load event. Please make sure it has an appropriate `as` value and it is preloaded intentionally. @ http://localhost:3002/:0
[ 1154473ms] [WARNING] The resource http://localhost:3002/_next/static/chunks/_app-pages-browser_components_blocks_seo_problem-solution-block_tsx.js was preloaded using link preload but not used within a few seconds from the window's load event. Please make sure it has an appropriate `as` value and it is preloaded intentionally. @ http://localhost:3002/:0
[ 1154473ms] [WARNING] The resource http://localhost:3002/_next/static/chunks/_app-pages-browser_components_blocks_hero_hero-2_tsx.js was preloaded using link preload but not used within a few seconds from the window's load event. Please make sure it has an appropriate `as` value and it is preloaded intentionally. @ http://localhost:3002/:0
